,osurl,ht_link,htid
0,"https://explorer-api.opensyllabus.org/v1/works/7507602833485.json
",https://catalog.hathitrust.org/api/volumes/full/recordnumber/009709406.json,hvd.32044090286501
1,"https://explorer-api.opensyllabus.org/v1/works/33268816675126.json
",https://catalog.hathitrust.org/api/volumes/full/isbn/9780310232117.json,mdp.39015055612231
2,"https://explorer-api.opensyllabus.org/v1/works/7507602833481.json
",https://catalog.hathitrust.org/api/volumes/full/isbn/9780679729525.json,ucbk.ark:/28722/h2028pg1w
3,"https://explorer-api.opensyllabus.org/v1/works/46858093201267.json
",https://catalog.hathitrust.org/api/volumes/full/isbn/9780310218951.json,mdp.39015056249272
4,"https://explorer-api.opensyllabus.org/v1/works/49529562859473.json
",https://catalog.hathitrust.org/api/volumes/full/isbn/9780226039336.json,mdp.39015058708507
5,"https://explorer-api.opensyllabus.org/v1/works/61203283990307.json
",https://catalog.hathitrust.org/api/volumes/full/isbn/9783438051004.json,mdp.39015082767891
6,"https://explorer-api.opensyllabus.org/v1/works/38706245272542.json
",https://catalog.hathitrust.org/api/volumes/full/isbn/9780198642237.json,mdp.39015037802264
7,"https://explorer-api.opensyllabus.org/v1/works/7507602833418.json
",https://catalog.hathitrust.org/api/volumes/full/isbn/0520203844.json,mdp.39015038616887
8,"https://explorer-api.opensyllabus.org/v1/works/44513041055787.json
",https://catalog.hathitrust.org/api/volumes/full/isbn/9780934034340.json,uc1.32106017753622
9,"https://explorer-api.opensyllabus.org/v1/works/7507602833454.json
",https://catalog.hathitrust.org/api/volumes/full/isbn/9780862920289.json,uc1.32106006636549
10,"https://explorer-api.opensyllabus.org/v1/works/38706245274697.json
",https://catalog.hathitrust.org/api/volumes/full/isbn/9780674992085.json,uc1.l0090842139
11,"https://explorer-api.opensyllabus.org/v1/works/7507602833424.json
",https://catalog.hathitrust.org/api/volumes/full/recordnumber/009789760.json,uva.x000529845
12,"https://explorer-api.opensyllabus.org/v1/works/33045478377342.json
",https://catalog.hathitrust.org/api/volumes/full/isbn/0810933691.json,mdp.39015042444912
13,"https://explorer-api.opensyllabus.org/v1/works/7507602833448.json
",https://catalog.hathitrust.org/api/volumes/full/isbn/9780198150718.json,mdp.39015070750545
14,"https://explorer-api.opensyllabus.org/v1/works/7791071181465.json
",https://catalog.hathitrust.org/api/volumes/full/isbn/0415467535.json,uc1.c105411454
15,"https://explorer-api.opensyllabus.org/v1/works/54503134986582.json
",https://catalog.hathitrust.org/api/volumes/full/isbn/0631112413.json,uva.x000904948
16,"https://explorer-api.opensyllabus.org/v1/works/54503134986582.json
",https://catalog.hathitrust.org/api/volumes/full/isbn/0631112413.json,ucbk.ark:/28722/h26d5pv9v
17,"https://explorer-api.opensyllabus.org/v1/works/54503134986582.json
",https://catalog.hathitrust.org/api/volumes/full/isbn/0631112413.json,mdp.39015010608183
18,"https://explorer-api.opensyllabus.org/v1/works/48241072671307.json
",https://catalog.hathitrust.org/api/volumes/full/isbn/0195200462.json,uc1.31822011441524
19,"https://explorer-api.opensyllabus.org/v1/works/7507602833486.json
",https://catalog.hathitrust.org/api/volumes/full/isbn/0674992555.json,mdp.39015056477279
20,"https://explorer-api.opensyllabus.org/v1/works/7507602833486.json
",https://catalog.hathitrust.org/api/volumes/full/isbn/0674992555.json,uva.x002328689
21,"https://explorer-api.opensyllabus.org/v1/works/8443905959698.json
",https://catalog.hathitrust.org/api/volumes/full/isbn/0824029577.json,mdp.39015011818070
22,"https://explorer-api.opensyllabus.org/v1/works/8443905959698.json
",https://catalog.hathitrust.org/api/volumes/full/isbn/0824029577.json,mdp.39015011818054
23,"https://explorer-api.opensyllabus.org/v1/works/8443905959698.json
",https://catalog.hathitrust.org/api/volumes/full/isbn/0824029577.json,mdp.39015011818062
24,"https://explorer-api.opensyllabus.org/v1/works/7507602833487.json
",https://catalog.hathitrust.org/api/volumes/full/isbn/8800812589.json,mdp.39015032593199
25,"https://explorer-api.opensyllabus.org/v1/works/7816841009583.json
",https://catalog.hathitrust.org/api/volumes/full/isbn/9781840221442.json,mdp.39015066733083
26,"https://explorer-api.opensyllabus.org/v1/works/9053791567988.json
",https://catalog.hathitrust.org/api/volumes/full/isbn/0520037049.json,mdp.39015002319542
27,"https://explorer-api.opensyllabus.org/v1/works/47201690583352.json
",https://catalog.hathitrust.org/api/volumes/full/isbn/0199102058.json,mdp.39015085662057
28,"https://explorer-api.opensyllabus.org/v1/works/47201690583352.json
",https://catalog.hathitrust.org/api/volumes/full/isbn/0199102058.json,coo.31924059160956
29,"https://explorer-api.opensyllabus.org/v1/works/51230369908294.json
",https://catalog.hathitrust.org/api/volumes/full/isbn/9780310410409.json,mdp.39015056446068
30,"https://explorer-api.opensyllabus.org/v1/works/49649821941864.json
",https://catalog.hathitrust.org/api/volumes/full/isbn/9780199102068.json,hvd.32044041126962
31,"https://explorer-api.opensyllabus.org/v1/works/49649821941864.json
",https://catalog.hathitrust.org/api/volumes/full/isbn/9780199102068.json,uva.x000139165
32,"https://explorer-api.opensyllabus.org/v1/works/50242527428792.json
",https://catalog.hathitrust.org/api/volumes/full/isbn/0801853621.json,mdp.39076002608599
33,"https://explorer-api.opensyllabus.org/v1/works/50242527428792.json
",https://catalog.hathitrust.org/api/volumes/full/isbn/0801853621.json,mdp.39076002661861
34,"https://explorer-api.opensyllabus.org/v1/works/55851754718329.json
",https://catalog.hathitrust.org/api/volumes/full/isbn/3438060108.json,uc1.32106000182219
35,"https://explorer-api.opensyllabus.org/v1/works/34651796144195.json
",https://catalog.hathitrust.org/api/volumes/full/isbn/9782251003832.json,mdp.39015061748193
36,"https://explorer-api.opensyllabus.org/v1/works/49847390438018.json
",https://catalog.hathitrust.org/api/volumes/full/isbn/0300040725.json,mdp.39076000999859
37,"https://explorer-api.opensyllabus.org/v1/works/49847390438018.json
",https://catalog.hathitrust.org/api/volumes/full/isbn/0300040725.json,mdp.39076000999867
38,"https://explorer-api.opensyllabus.org/v1/works/49847390438018.json
",https://catalog.hathitrust.org/api/volumes/full/isbn/0300040725.json,uc1.31822025116385
39,"https://explorer-api.opensyllabus.org/v1/works/63084479709940.json
",https://catalog.hathitrust.org/api/volumes/full/isbn/0674990633.json,mdp.39015005559995
40,"https://explorer-api.opensyllabus.org/v1/works/63084479709940.json
",https://catalog.hathitrust.org/api/volumes/full/isbn/0674990633.json,mdp.39015058551113
41,"https://explorer-api.opensyllabus.org/v1/works/63084479709940.json
",https://catalog.hathitrust.org/api/volumes/full/isbn/0674990633.json,mdp.39015043196347
42,"https://explorer-api.opensyllabus.org/v1/works/44349832300615.json
",https://catalog.hathitrust.org/api/volumes/full/isbn/9780195041774.json,mdp.39015058018923
43,"https://explorer-api.opensyllabus.org/v1/works/58591943854134.json
",https://catalog.hathitrust.org/api/volumes/full/isbn/9780195041774.json,mdp.39015058018923
44,"https://explorer-api.opensyllabus.org/v1/works/8126078381584.json
",https://catalog.hathitrust.org/api/volumes/full/isbn/9780195041774.json,mdp.39015058018923
45,"https://explorer-api.opensyllabus.org/v1/works/63084479665710.json
",https://catalog.hathitrust.org/api/volumes/full/isbn/014143936X.json,uc1.32106017525244
46,"https://explorer-api.opensyllabus.org/v1/works/63084479665710.json
",https://catalog.hathitrust.org/api/volumes/full/isbn/014143936X.json,mdp.39015060368100
47,"https://explorer-api.opensyllabus.org/v1/works/43241730739007.json
",https://catalog.hathitrust.org/api/volumes/full/isbn/0198721455.json,mdp.39015019858144
48,"https://explorer-api.opensyllabus.org/v1/works/33054068312666.json
",https://catalog.hathitrust.org/api/volumes/full/isbn/9780853641773.json,inu.39000003177560
49,"https://explorer-api.opensyllabus.org/v1/works/33054068312666.json
",https://catalog.hathitrust.org/api/volumes/full/isbn/9780853641773.json,uc1.32106020363674
50,"https://explorer-api.opensyllabus.org/v1/works/33054068312666.json
",https://catalog.hathitrust.org/api/volumes/full/isbn/9780853641773.json,uc1.32106020363682
51,"https://explorer-api.opensyllabus.org/v1/works/43997644983123.json
",https://catalog.hathitrust.org/api/volumes/full/isbn/9780853641773.json,inu.39000003177560
52,"https://explorer-api.opensyllabus.org/v1/works/43997644983123.json
",https://catalog.hathitrust.org/api/volumes/full/isbn/9780853641773.json,uc1.32106020363674
53,"https://explorer-api.opensyllabus.org/v1/works/43997644983123.json
",https://catalog.hathitrust.org/api/volumes/full/isbn/9780853641773.json,uc1.32106020363682
54,"https://explorer-api.opensyllabus.org/v1/works/51419348468125.json
",https://catalog.hathitrust.org/api/volumes/full/isbn/9780060911294.json,mdp.39015025141840
55,"https://explorer-api.opensyllabus.org/v1/works/51419348468125.json
",https://catalog.hathitrust.org/api/volumes/full/isbn/9780060911294.json,umn.31951001410069z
56,"https://explorer-api.opensyllabus.org/v1/works/8211977638731.json
",https://catalog.hathitrust.org/api/volumes/full/isbn/9780413772961.json,uc1.32106017159614
57,"https://explorer-api.opensyllabus.org/v1/works/8211977638731.json
",https://catalog.hathitrust.org/api/volumes/full/isbn/9780413772961.json,mdp.39015060009423
58,"https://explorer-api.opensyllabus.org/v1/works/56083682953975.json
",https://catalog.hathitrust.org/api/volumes/full/isbn/9780413772961.json,uc1.32106017159614
59,"https://explorer-api.opensyllabus.org/v1/works/56083682953975.json
",https://catalog.hathitrust.org/api/volumes/full/isbn/9780413772961.json,mdp.39015060009423
60,"https://explorer-api.opensyllabus.org/v1/works/52458730555302.json
",https://catalog.hathitrust.org/api/volumes/full/isbn/9780195067279.json,mdp.39015034908486
61,"https://explorer-api.opensyllabus.org/v1/works/7507602833430.json
",https://catalog.hathitrust.org/api/volumes/full/isbn/0856685755.json,mdp.39015054386563
62,"https://explorer-api.opensyllabus.org/v1/works/7507602833430.json
",https://catalog.hathitrust.org/api/volumes/full/isbn/0856685755.json,mdp.39015054407054
63,"https://explorer-api.opensyllabus.org/v1/works/7507602833430.json
",https://catalog.hathitrust.org/api/volumes/full/isbn/0856685755.json,mdp.39015005010676
64,"https://explorer-api.opensyllabus.org/v1/works/40845138985675.json
",https://catalog.hathitrust.org/api/volumes/full/isbn/0198142587.json,uc1.32106001528543
65,"https://explorer-api.opensyllabus.org/v1/works/40845138985675.json
",https://catalog.hathitrust.org/api/volumes/full/isbn/0198142587.json,mdp.39015002311762
66,"https://explorer-api.opensyllabus.org/v1/works/40845138985675.json
",https://catalog.hathitrust.org/api/volumes/full/isbn/0198142587.json,uc1.32106008856749
67,"https://explorer-api.opensyllabus.org/v1/works/54606214203969.json
",https://catalog.hathitrust.org/api/volumes/full/isbn/0198721102.json,uc1.32106006999913
68,"https://explorer-api.opensyllabus.org/v1/works/7997229599999.json
",https://catalog.hathitrust.org/api/volumes/full/isbn/0472105450.json,uc1.32106011094379
69,"https://explorer-api.opensyllabus.org/v1/works/7997229599999.json
",https://catalog.hathitrust.org/api/volumes/full/isbn/0472105450.json,mdp.39015038891266
70,"https://explorer-api.opensyllabus.org/v1/works/73160472929989.json
",https://catalog.hathitrust.org/api/volumes/full/isbn/9781850753575.json,mdp.39015032735337
71,"https://explorer-api.opensyllabus.org/v1/works/8907762628042.json
",https://catalog.hathitrust.org/api/volumes/full/isbn/006124418X.json,ucbk.ark:/28722/h2hm52w9q
72,"https://explorer-api.opensyllabus.org/v1/works/50783693311029.json
",https://catalog.hathitrust.org/api/volumes/full/isbn/0801431735.json,mdp.39015035771388
73,"https://explorer-api.opensyllabus.org/v1/works/50783693311029.json
",https://catalog.hathitrust.org/api/volumes/full/isbn/0801431735.json,mdp.39015060792978
74,"https://explorer-api.opensyllabus.org/v1/works/55834574850633.json
",https://catalog.hathitrust.org/api/volumes/full/isbn/0701113790.json,mdp.39076000654009
75,"https://explorer-api.opensyllabus.org/v1/works/7876970527987.json
",https://catalog.hathitrust.org/api/volumes/full/isbn/9780415061346.json,mdp.39015055083706
76,"https://explorer-api.opensyllabus.org/v1/works/7876970527987.json
",https://catalog.hathitrust.org/api/volumes/full/isbn/9780415061346.json,inu.30000039938844
77,"https://explorer-api.opensyllabus.org/v1/works/7507602833456.json
",https://catalog.hathitrust.org/api/volumes/full/isbn/9780852291634.json,uc1.31175002894890
78,"https://explorer-api.opensyllabus.org/v1/works/7507602833456.json
",https://catalog.hathitrust.org/api/volumes/full/isbn/9780852291634.json,uc1.31175000567183
79,"https://explorer-api.opensyllabus.org/v1/works/7507602833456.json
",https://catalog.hathitrust.org/api/volumes/full/isbn/9780852291634.json,pst.000028354758
80,"https://explorer-api.opensyllabus.org/v1/works/7507602833456.json
",https://catalog.hathitrust.org/api/volumes/full/isbn/9780852291634.json,uva.x000925850
81,"https://explorer-api.opensyllabus.org/v1/works/7507602833456.json
",https://catalog.hathitrust.org/api/volumes/full/isbn/9780852291634.json,pst.000028354765
82,"https://explorer-api.opensyllabus.org/v1/works/7507602833456.json
",https://catalog.hathitrust.org/api/volumes/full/isbn/9780852291634.json,uva.x000366806
83,"https://explorer-api.opensyllabus.org/v1/works/7507602833456.json
",https://catalog.hathitrust.org/api/volumes/full/isbn/9780852291634.json,uva.x030576972
84,"https://explorer-api.opensyllabus.org/v1/works/7507602833456.json
",https://catalog.hathitrust.org/api/volumes/full/isbn/9780852291634.json,uva.x030576973
85,"https://explorer-api.opensyllabus.org/v1/works/7507602833456.json
",https://catalog.hathitrust.org/api/volumes/full/isbn/9780852291634.json,uc1.31822023201106
86,"https://explorer-api.opensyllabus.org/v1/works/7507602833456.json
",https://catalog.hathitrust.org/api/volumes/full/isbn/9780852291634.json,mdp.49015000475955
87,"https://explorer-api.opensyllabus.org/v1/works/7507602833456.json
",https://catalog.hathitrust.org/api/volumes/full/isbn/9780852291634.json,pst.000027478080
88,"https://explorer-api.opensyllabus.org/v1/works/7507602833456.json
",https://catalog.hathitrust.org/api/volumes/full/isbn/9780852291634.json,pst.000019671963
89,"https://explorer-api.opensyllabus.org/v1/works/7507602833456.json
",https://catalog.hathitrust.org/api/volumes/full/isbn/9780852291634.json,pst.000019683164
90,"https://explorer-api.opensyllabus.org/v1/works/7507602833456.json
",https://catalog.hathitrust.org/api/volumes/full/isbn/9780852291634.json,pst.000027478097
91,"https://explorer-api.opensyllabus.org/v1/works/7507602833456.json
",https://catalog.hathitrust.org/api/volumes/full/isbn/9780852291634.json,mdp.49015002171511
92,"https://explorer-api.opensyllabus.org/v1/works/7507602833456.json
",https://catalog.hathitrust.org/api/volumes/full/isbn/9780852291634.json,uva.x001928394
93,"https://explorer-api.opensyllabus.org/v1/works/7507602833456.json
",https://catalog.hathitrust.org/api/volumes/full/isbn/9780852291634.json,uva.x000470868
94,"https://explorer-api.opensyllabus.org/v1/works/7507602833456.json
",https://catalog.hathitrust.org/api/volumes/full/isbn/9780852291634.json,uva.x000496707
95,"https://explorer-api.opensyllabus.org/v1/works/7507602833456.json
",https://catalog.hathitrust.org/api/volumes/full/isbn/9780852291634.json,uva.x000962619
96,"https://explorer-api.opensyllabus.org/v1/works/7507602833456.json
",https://catalog.hathitrust.org/api/volumes/full/isbn/9780852291634.json,uc1.31175001075905
97,"https://explorer-api.opensyllabus.org/v1/works/7507602833456.json
",https://catalog.hathitrust.org/api/volumes/full/isbn/9780852291634.json,uc1.31175001075897
98,"https://explorer-api.opensyllabus.org/v1/works/7507602833456.json
",https://catalog.hathitrust.org/api/volumes/full/isbn/9780852291634.json,uva.x000668026
99,"https://explorer-api.opensyllabus.org/v1/works/7507602833456.json
",https://catalog.hathitrust.org/api/volumes/full/isbn/9780852291634.json,uva.x001609121
100,"https://explorer-api.opensyllabus.org/v1/works/7507602833456.json
",https://catalog.hathitrust.org/api/volumes/full/isbn/9780852291634.json,uva.x004148790
101,"https://explorer-api.opensyllabus.org/v1/works/50783693309901.json
",https://catalog.hathitrust.org/api/volumes/full/isbn/0226979210.json,mdp.39015037284943
102,"https://explorer-api.opensyllabus.org/v1/works/54382875904275.json
",https://catalog.hathitrust.org/api/volumes/full/isbn/9780500202449.json,ucbk.ark:/28722/h25m62g46
103,"https://explorer-api.opensyllabus.org/v1/works/48653389530921.json
",https://catalog.hathitrust.org/api/volumes/full/isbn/9780801846380.json,mdp.39015032845359
104,"https://explorer-api.opensyllabus.org/v1/works/49804440766785.json
",https://catalog.hathitrust.org/api/volumes/full/isbn/0801009499.json,uva.x001396936
105,"https://explorer-api.opensyllabus.org/v1/works/35072702941801.json
",https://catalog.hathitrust.org/api/volumes/full/isbn/9780310232117.json,mdp.39015055612231
106,"https://explorer-api.opensyllabus.org/v1/works/43980465113674.json
",https://catalog.hathitrust.org/api/volumes/full/isbn/9780310232117.json,mdp.39015055612231
107,"https://explorer-api.opensyllabus.org/v1/works/58188216928169.json
",https://catalog.hathitrust.org/api/volumes/full/isbn/0198140169.json,ucbk.ark:/28722/h24m91r84
108,"https://explorer-api.opensyllabus.org/v1/works/58188216928169.json
",https://catalog.hathitrust.org/api/volumes/full/isbn/0198140169.json,mdp.39015003840439
109,"https://explorer-api.opensyllabus.org/v1/works/48739288877471.json
",https://catalog.hathitrust.org/api/volumes/full/isbn/080184200X.json,uva.x002111350
110,"https://explorer-api.opensyllabus.org/v1/works/7584912748477.json
",https://catalog.hathitrust.org/api/volumes/full/isbn/9780674992917.json,mdp.39015022275997
111,"https://explorer-api.opensyllabus.org/v1/works/7584912748477.json
",https://catalog.hathitrust.org/api/volumes/full/isbn/9780674992917.json,mdp.49015000510157
112,"https://explorer-api.opensyllabus.org/v1/works/60816736935781.json
",https://catalog.hathitrust.org/api/volumes/full/isbn/9780801423550.json,mdp.39015021814093
113,"https://explorer-api.opensyllabus.org/v1/works/7894150059305.json
",https://catalog.hathitrust.org/api/volumes/full/isbn/0521648572.json,uc1.32106015334078
114,"https://explorer-api.opensyllabus.org/v1/works/52278341928242.json
",https://catalog.hathitrust.org/api/volumes/full/isbn/9780416761702.json,uc1.31822013668348
115,"https://explorer-api.opensyllabus.org/v1/works/7980049744886.json
",https://catalog.hathitrust.org/api/volumes/full/isbn/041501025X.json,mdp.39015054422319
116,"https://explorer-api.opensyllabus.org/v1/works/46093589023471.json
",https://catalog.hathitrust.org/api/volumes/full/isbn/0802804861.json,mdp.39015061857010
117,"https://explorer-api.opensyllabus.org/v1/works/7507602833433.json
",https://catalog.hathitrust.org/api/volumes/full/isbn/070831113X.json,uva.x002042714
118,"https://explorer-api.opensyllabus.org/v1/works/7507602833425.json
",https://catalog.hathitrust.org/api/volumes/full/isbn/0195373375.json,mdp.39015078804369
119,"https://explorer-api.opensyllabus.org/v1/works/52596169507272.json
",https://catalog.hathitrust.org/api/volumes/full/isbn/9780198148104.json,uc1.32106000378585
120,"https://explorer-api.opensyllabus.org/v1/works/54692113550406.json
",https://catalog.hathitrust.org/api/volumes/full/isbn/9783519074014.json,uc1.32106001523775
121,"https://explorer-api.opensyllabus.org/v1/works/7988639178841.json
",https://catalog.hathitrust.org/api/volumes/full/isbn/9780582031913.json,uc1.32106013202897
122,"https://explorer-api.opensyllabus.org/v1/works/7988639178841.json
",https://catalog.hathitrust.org/api/volumes/full/isbn/9780582031913.json,mdp.39015054266211
123,"https://explorer-api.opensyllabus.org/v1/works/50483045599830.json
",https://catalog.hathitrust.org/api/volumes/full/isbn/0198149182.json,uva.x002037182
124,"https://explorer-api.opensyllabus.org/v1/works/8074539026137.json
",https://catalog.hathitrust.org/api/volumes/full/isbn/0582021901.json,mdp.39015017736441
125,"https://explorer-api.opensyllabus.org/v1/works/8074539026137.json
",https://catalog.hathitrust.org/api/volumes/full/isbn/0582021901.json,uc1.32106015788232
126,"https://explorer-api.opensyllabus.org/v1/works/7988639699494.json
",https://catalog.hathitrust.org/api/volumes/full/isbn/0226816265.json,mdp.39015039057305
127,"https://explorer-api.opensyllabus.org/v1/works/7988639699494.json
",https://catalog.hathitrust.org/api/volumes/full/isbn/0226816265.json,mdp.39015045995407
128,"https://explorer-api.opensyllabus.org/v1/works/7988639699494.json
",https://catalog.hathitrust.org/api/volumes/full/isbn/0226816265.json,ucbk.ark:/28722/h2930p25j
129,"https://explorer-api.opensyllabus.org/v1/works/34952443856685.json
",https://catalog.hathitrust.org/api/volumes/full/isbn/0801829984.json,uc1.32106006809823
130,"https://explorer-api.opensyllabus.org/v1/works/34952443856685.json
",https://catalog.hathitrust.org/api/volumes/full/isbn/0801829984.json,mdp.39015005691475
131,"https://explorer-api.opensyllabus.org/v1/works/8890582762232.json
",https://catalog.hathitrust.org/api/volumes/full/isbn/0801829984.json,uc1.32106006809823
132,"https://explorer-api.opensyllabus.org/v1/works/8890582762232.json
",https://catalog.hathitrust.org/api/volumes/full/isbn/0801829984.json,mdp.39015005691475
133,"https://explorer-api.opensyllabus.org/v1/works/47485158424815.json
",https://catalog.hathitrust.org/api/volumes/full/isbn/9780801480911.json,ucbk.ark:/28722/h2t14v380
134,"https://explorer-api.opensyllabus.org/v1/works/48825188221164.json
",https://catalog.hathitrust.org/api/volumes/full/isbn/9780521450157.json,mdp.39076002340615
135,"https://explorer-api.opensyllabus.org/v1/works/48825188221164.json
",https://catalog.hathitrust.org/api/volumes/full/isbn/9780521450157.json,uc1.c064078862
136,"https://explorer-api.opensyllabus.org/v1/works/48825188221164.json
",https://catalog.hathitrust.org/api/volumes/full/isbn/9780521450157.json,uc1.c095870830
137,"https://explorer-api.opensyllabus.org/v1/works/48825188221164.json
",https://catalog.hathitrust.org/api/volumes/full/isbn/9780521450157.json,mdp.39076002340623
138,"https://explorer-api.opensyllabus.org/v1/works/48825188221164.json
",https://catalog.hathitrust.org/api/volumes/full/isbn/9780521450157.json,uc1.c059876937
139,"https://explorer-api.opensyllabus.org/v1/works/48825188221164.json
",https://catalog.hathitrust.org/api/volumes/full/isbn/9780521450157.json,uc1.c095873452
140,"https://explorer-api.opensyllabus.org/v1/works/8280697416562.json
",https://catalog.hathitrust.org/api/volumes/full/isbn/0192121960.json,mdp.39015035315533
141,"https://explorer-api.opensyllabus.org/v1/works/54872502174251.json
",https://catalog.hathitrust.org/api/volumes/full/isbn/9780226136134.json,mdp.39015008501960
142,"https://explorer-api.opensyllabus.org/v1/works/46712064312315.json
",https://catalog.hathitrust.org/api/volumes/full/isbn/9780300017861.json,mdp.39015058009468
143,"https://explorer-api.opensyllabus.org/v1/works/43868795963664.json
",https://catalog.hathitrust.org/api/volumes/full/isbn/0665590989.json,aeu.ark:/13960/t7xk9g38c
144,"https://explorer-api.opensyllabus.org/v1/works/55070070669526.json
",https://catalog.hathitrust.org/api/volumes/full/isbn/0413657205.json,inu.30000026046288
145,"https://explorer-api.opensyllabus.org/v1/works/62362925169630.json
",https://catalog.hathitrust.org/api/volumes/full/isbn/9781840221442.json,mdp.39015066733083
146,"https://explorer-api.opensyllabus.org/v1/works/52613349376151.json
",https://catalog.hathitrust.org/api/volumes/full/isbn/0226744043.json,mdp.39015025363410
147,"https://explorer-api.opensyllabus.org/v1/works/8813273395212.json
",https://catalog.hathitrust.org/api/volumes/full/isbn/9780198147923.json,uc1.32106010550272
148,"https://explorer-api.opensyllabus.org/v1/works/35802847379639.json
",https://catalog.hathitrust.org/api/volumes/full/isbn/0140205705.json,mdp.39015006627411
149,"https://explorer-api.opensyllabus.org/v1/works/37417755083035.json
",https://catalog.hathitrust.org/api/volumes/full/isbn/9780199220731.json,uc1.32106011055172
150,"https://explorer-api.opensyllabus.org/v1/works/37185826851670.json
",https://catalog.hathitrust.org/api/volumes/full/isbn/0823211576.json,uc1.32106019907341
151,"https://explorer-api.opensyllabus.org/v1/works/37185826851670.json
",https://catalog.hathitrust.org/api/volumes/full/isbn/0823211576.json,uc1.32106013899718
152,"https://explorer-api.opensyllabus.org/v1/works/37185826851670.json
",https://catalog.hathitrust.org/api/volumes/full/isbn/0823211576.json,uc1.32106007998823
153,"https://explorer-api.opensyllabus.org/v1/works/54984171325947.json
",https://catalog.hathitrust.org/api/volumes/full/isbn/0823211576.json,uc1.32106019907341
154,"https://explorer-api.opensyllabus.org/v1/works/54984171325947.json
",https://catalog.hathitrust.org/api/volumes/full/isbn/0823211576.json,uc1.32106013899718
155,"https://explorer-api.opensyllabus.org/v1/works/54984171325947.json
",https://catalog.hathitrust.org/api/volumes/full/isbn/0823211576.json,uc1.32106007998823
156,"https://explorer-api.opensyllabus.org/v1/works/37933151158299.json
",https://catalog.hathitrust.org/api/volumes/full/isbn/0198520816.json,uva.x004793088
157,"https://explorer-api.opensyllabus.org/v1/works/48326972015559.json
",https://catalog.hathitrust.org/api/volumes/full/isbn/9780805779790.json,uc1.32106010225156
158,"https://explorer-api.opensyllabus.org/v1/works/8057358904003.json
",https://catalog.hathitrust.org/api/volumes/full/isbn/9780393952377.json,uc1.32106005318941
159,"https://explorer-api.opensyllabus.org/v1/works/65274913018917.json
",https://catalog.hathitrust.org/api/volumes/full/isbn/9780140561111.json,uva.x000906146
160,"https://explorer-api.opensyllabus.org/v1/works/54004918781237.json
",https://catalog.hathitrust.org/api/volumes/full/isbn/0139125930.json,mdp.39015013449403
161,"https://explorer-api.opensyllabus.org/v1/works/56994216018834.json
",https://catalog.hathitrust.org/api/volumes/full/isbn/0139125930.json,mdp.39015013449403
162,"https://explorer-api.opensyllabus.org/v1/works/34772055231148.json
",https://catalog.hathitrust.org/api/volumes/full/isbn/9780534638467.json,mdp.39076002602469
163,"https://explorer-api.opensyllabus.org/v1/works/49392123906900.json
",https://catalog.hathitrust.org/api/volumes/full/isbn/0521273668.json,uc1.b4967848
164,"https://explorer-api.opensyllabus.org/v1/works/8529805294621.json
",https://catalog.hathitrust.org/api/volumes/full/isbn/9780198126652.json,mdp.39015066060685
165,"https://explorer-api.opensyllabus.org/v1/works/8529805294621.json
",https://catalog.hathitrust.org/api/volumes/full/isbn/9780198126652.json,uc1.32106007173658
166,"https://explorer-api.opensyllabus.org/v1/works/61538291466609.json
",https://catalog.hathitrust.org/api/volumes/full/isbn/9780198642237.json,mdp.39015037802264
167,"https://explorer-api.opensyllabus.org/v1/works/56882546869638.json
",https://catalog.hathitrust.org/api/volumes/full/isbn/9780801421327.json,mdp.39015013423861
168,"https://explorer-api.opensyllabus.org/v1/works/56882546869638.json
",https://catalog.hathitrust.org/api/volumes/full/isbn/9780801421327.json,uc1.32106008275353
169,"https://explorer-api.opensyllabus.org/v1/works/8753143856708.json
",https://catalog.hathitrust.org/api/volumes/full/isbn/9780801415913.json,mdp.39015004917392
170,"https://explorer-api.opensyllabus.org/v1/works/8753143856708.json
",https://catalog.hathitrust.org/api/volumes/full/isbn/9780801415913.json,umn.31951001167289d
171,"https://explorer-api.opensyllabus.org/v1/works/8186208177070.json
",https://catalog.hathitrust.org/api/volumes/full/isbn/9780416367102.json,uc1.32106007023572
172,"https://explorer-api.opensyllabus.org/v1/works/48876727830052.json
",https://catalog.hathitrust.org/api/volumes/full/isbn/9780674689664.json,mdp.39015046910447
173,"https://explorer-api.opensyllabus.org/v1/works/51702816312161.json
",https://catalog.hathitrust.org/api/volumes/full/isbn/019815240X.json,mdp.39015059198450
174,"https://explorer-api.opensyllabus.org/v1/works/7507602833451.json
",https://catalog.hathitrust.org/api/volumes/full/isbn/0198141823.json,uc1.32106001531620
175,"https://explorer-api.opensyllabus.org/v1/works/49855980372717.json
",https://catalog.hathitrust.org/api/volumes/full/isbn/9780807817209.json,mdp.39015012287556
176,"https://explorer-api.opensyllabus.org/v1/works/49855980372717.json
",https://catalog.hathitrust.org/api/volumes/full/isbn/9780807817209.json,uc1.32106007956839
177,"https://explorer-api.opensyllabus.org/v1/works/47141561041389.json
",https://catalog.hathitrust.org/api/volumes/full/isbn/9780801425646.json,mdp.39015022262359
178,"https://explorer-api.opensyllabus.org/v1/works/47141561041389.json
",https://catalog.hathitrust.org/api/volumes/full/isbn/9780801425646.json,uc1.32106009728772
179,"https://explorer-api.opensyllabus.org/v1/works/7507602833975.json
",https://catalog.hathitrust.org/api/volumes/full/isbn/0385092105.json,uc1.b3924564
180,"https://explorer-api.opensyllabus.org/v1/works/55542517072484.json
",https://catalog.hathitrust.org/api/volumes/full/isbn/9780838631843.json,mdp.39015038928829
181,"https://explorer-api.opensyllabus.org/v1/works/55542517072484.json
",https://catalog.hathitrust.org/api/volumes/full/isbn/9780838631843.json,mdp.39015005102119
182,"https://explorer-api.opensyllabus.org/v1/works/55542517072484.json
",https://catalog.hathitrust.org/api/volumes/full/isbn/9780838631843.json,mdp.39015010310004
183,"https://explorer-api.opensyllabus.org/v1/works/55542517072484.json
",https://catalog.hathitrust.org/api/volumes/full/isbn/9780838631843.json,uc1.32106006928995
184,"https://explorer-api.opensyllabus.org/v1/works/7808250713126.json
",https://catalog.hathitrust.org/api/volumes/full/isbn/9780521328043.json,mdp.39015015188488
185,"https://explorer-api.opensyllabus.org/v1/works/51805895526736.json
",https://catalog.hathitrust.org/api/volumes/full/isbn/9780137818082.json,mdp.39015029294587
186,"https://explorer-api.opensyllabus.org/v1/works/53369263620136.json
",https://catalog.hathitrust.org/api/volumes/full/isbn/9780521237093.json,mdp.49015001212779
187,"https://explorer-api.opensyllabus.org/v1/works/53369263620136.json
",https://catalog.hathitrust.org/api/volumes/full/isbn/9780521237093.json,mdp.39015046347335
188,"https://explorer-api.opensyllabus.org/v1/works/53369263620136.json
",https://catalog.hathitrust.org/api/volumes/full/isbn/9780521237093.json,mdp.39015054463594
189,"https://explorer-api.opensyllabus.org/v1/works/53369263620136.json
",https://catalog.hathitrust.org/api/volumes/full/isbn/9780521237093.json,mdp.39015054107332
190,"https://explorer-api.opensyllabus.org/v1/works/53369263620136.json
",https://catalog.hathitrust.org/api/volumes/full/isbn/9780521237093.json,mdp.39015069349408
191,"https://explorer-api.opensyllabus.org/v1/works/53369263620136.json
",https://catalog.hathitrust.org/api/volumes/full/isbn/9780521237093.json,mdp.39015054107324
192,"https://explorer-api.opensyllabus.org/v1/works/53369263620136.json
",https://catalog.hathitrust.org/api/volumes/full/isbn/9780521237093.json,mdp.39015021520526
193,"https://explorer-api.opensyllabus.org/v1/works/53369263620136.json
",https://catalog.hathitrust.org/api/volumes/full/isbn/9780521237093.json,mdp.39015021511491
194,"https://explorer-api.opensyllabus.org/v1/works/53369263620136.json
",https://catalog.hathitrust.org/api/volumes/full/isbn/9780521237093.json,mdp.39015054107381
195,"https://explorer-api.opensyllabus.org/v1/works/53369263620136.json
",https://catalog.hathitrust.org/api/volumes/full/isbn/9780521237093.json,mdp.39015020837939
196,"https://explorer-api.opensyllabus.org/v1/works/8005819207382.json
",https://catalog.hathitrust.org/api/volumes/full/isbn/9780521390620.json,mdp.39015019427668
197,"https://explorer-api.opensyllabus.org/v1/works/45681272163282.json
",https://catalog.hathitrust.org/api/volumes/full/isbn/9780198721123.json,mdp.39015054082196
198,"https://explorer-api.opensyllabus.org/v1/works/61357902814238.json
",https://catalog.hathitrust.org/api/volumes/full/isbn/090651519X.json,uc1.b3194247
199,"https://explorer-api.opensyllabus.org/v1/works/9113920769122.json
",https://catalog.hathitrust.org/api/volumes/full/isbn/0521374472.json,hvd.32044134794502
200,"https://explorer-api.opensyllabus.org/v1/works/8031589088352.json
",https://catalog.hathitrust.org/api/volumes/full/isbn/0198140290.json,mdp.39015050547085
201,"https://explorer-api.opensyllabus.org/v1/works/49709951484203.json
",https://catalog.hathitrust.org/api/volumes/full/isbn/9780801846571.json,uva.x002405571
202,"https://explorer-api.opensyllabus.org/v1/works/49709951484203.json
",https://catalog.hathitrust.org/api/volumes/full/isbn/9780801846571.json,inu.30000039170802
203,"https://explorer-api.opensyllabus.org/v1/works/37993280702392.json
",https://catalog.hathitrust.org/api/volumes/full/isbn/9780198721901.json,mdp.39015059311079
204,"https://explorer-api.opensyllabus.org/v1/works/37993280702392.json
",https://catalog.hathitrust.org/api/volumes/full/isbn/9780198721901.json,uva.x004913958
205,"https://explorer-api.opensyllabus.org/v1/works/33457795238767.json
",https://catalog.hathitrust.org/api/volumes/full/isbn/0195118766.json,mdp.39015064719613
206,"https://explorer-api.opensyllabus.org/v1/works/9028021513028.json
",https://catalog.hathitrust.org/api/volumes/full/isbn/9780674567252.json,mdp.39015061317650
207,"https://explorer-api.opensyllabus.org/v1/works/8031589099972.json
",https://catalog.hathitrust.org/api/volumes/full/isbn/0856685755.json,mdp.39015054386563
208,"https://explorer-api.opensyllabus.org/v1/works/8031589099972.json
",https://catalog.hathitrust.org/api/volumes/full/isbn/0856685755.json,mdp.39015054407054
209,"https://explorer-api.opensyllabus.org/v1/works/8031589099972.json
",https://catalog.hathitrust.org/api/volumes/full/isbn/0856685755.json,mdp.39015005010676
210,"https://explorer-api.opensyllabus.org/v1/works/51135880628345.json
",https://catalog.hathitrust.org/api/volumes/full/isbn/0801833299.json,uc1.32106014548017
211,"https://explorer-api.opensyllabus.org/v1/works/51135880628345.json
",https://catalog.hathitrust.org/api/volumes/full/isbn/0801833299.json,ucbk.ark:/28722/h2np1x03x
212,"https://explorer-api.opensyllabus.org/v1/works/51135880628345.json
",https://catalog.hathitrust.org/api/volumes/full/isbn/0801833299.json,mdp.39015012307636
213,"https://explorer-api.opensyllabus.org/v1/works/51135880628345.json
",https://catalog.hathitrust.org/api/volumes/full/isbn/0801833299.json,uc1.32106007752626
214,"https://explorer-api.opensyllabus.org/v1/works/48627619727952.json
",https://catalog.hathitrust.org/api/volumes/full/isbn/0691011249.json,mdp.39015038422567
215,"https://explorer-api.opensyllabus.org/v1/works/48627619727952.json
",https://catalog.hathitrust.org/api/volumes/full/isbn/0691011249.json,ucbk.ark:/28722/h24b2xm38
216,"https://explorer-api.opensyllabus.org/v1/works/50611894618041.json
",https://catalog.hathitrust.org/api/volumes/full/isbn/0877451559.json,mdp.39015012161330
217,"https://explorer-api.opensyllabus.org/v1/works/50611894618041.json
",https://catalog.hathitrust.org/api/volumes/full/isbn/0877451559.json,uc1.32106007642843
218,"https://explorer-api.opensyllabus.org/v1/works/8761733793390.json
",https://catalog.hathitrust.org/api/volumes/full/isbn/0582021901.json,mdp.39015017736441
219,"https://explorer-api.opensyllabus.org/v1/works/8761733793390.json
",https://catalog.hathitrust.org/api/volumes/full/isbn/0582021901.json,uc1.32106015788232
220,"https://explorer-api.opensyllabus.org/v1/works/52725018527857.json
",https://catalog.hathitrust.org/api/volumes/full/isbn/9780198149477.json,mdp.39015032202387
221,"https://explorer-api.opensyllabus.org/v1/works/52725018527857.json
",https://catalog.hathitrust.org/api/volumes/full/isbn/9780198149477.json,mdp.39015060133918
222,"https://explorer-api.opensyllabus.org/v1/works/55310588839422.json
",https://catalog.hathitrust.org/api/volumes/full/isbn/0877521409.json,uc1.32106001528253
223,"https://explorer-api.opensyllabus.org/v1/works/55310588839422.json
",https://catalog.hathitrust.org/api/volumes/full/isbn/0877521409.json,mdp.39015038911759
224,"https://explorer-api.opensyllabus.org/v1/works/7602092333425.json
",https://catalog.hathitrust.org/api/volumes/full/isbn/9781556196874.json,mdp.39015049624250
225,"https://explorer-api.opensyllabus.org/v1/works/50302656971058.json
",https://catalog.hathitrust.org/api/volumes/full/isbn/0192853376.json,uva.x004548162
226,"https://explorer-api.opensyllabus.org/v1/works/50302656971058.json
",https://catalog.hathitrust.org/api/volumes/full/isbn/0192853376.json,uc1.31822031555774
227,"https://explorer-api.opensyllabus.org/v1/works/50302656971058.json
",https://catalog.hathitrust.org/api/volumes/full/isbn/0192853376.json,pst.000031904391
228,"https://explorer-api.opensyllabus.org/v1/works/49632642075073.json
",https://catalog.hathitrust.org/api/volumes/full/isbn/2870311044.json,mdp.39015008581566
229,"https://explorer-api.opensyllabus.org/v1/works/49632642075073.json
",https://catalog.hathitrust.org/api/volumes/full/isbn/2870311044.json,mdp.39015011701656
230,"https://explorer-api.opensyllabus.org/v1/works/49632642075073.json
",https://catalog.hathitrust.org/api/volumes/full/isbn/2870311044.json,mdp.39015011701672
231,"https://explorer-api.opensyllabus.org/v1/works/49632642075073.json
",https://catalog.hathitrust.org/api/volumes/full/isbn/2870311044.json,mdp.39015014429511
232,"https://explorer-api.opensyllabus.org/v1/works/49632642075073.json
",https://catalog.hathitrust.org/api/volumes/full/isbn/2870311044.json,mdp.39015015157319
233,"https://explorer-api.opensyllabus.org/v1/works/49632642075073.json
",https://catalog.hathitrust.org/api/volumes/full/isbn/2870311044.json,uc1.b3798565
234,"https://explorer-api.opensyllabus.org/v1/works/49632642075073.json
",https://catalog.hathitrust.org/api/volumes/full/isbn/2870311044.json,mdp.39015021579019
235,"https://explorer-api.opensyllabus.org/v1/works/49632642075073.json
",https://catalog.hathitrust.org/api/volumes/full/isbn/2870311044.json,mdp.39015031713632
236,"https://explorer-api.opensyllabus.org/v1/works/49632642075073.json
",https://catalog.hathitrust.org/api/volumes/full/isbn/2870311044.json,mdp.39015048772340
237,"https://explorer-api.opensyllabus.org/v1/works/49632642075073.json
",https://catalog.hathitrust.org/api/volumes/full/isbn/2870311044.json,mdp.39015046870377
238,"https://explorer-api.opensyllabus.org/v1/works/49632642075073.json
",https://catalog.hathitrust.org/api/volumes/full/isbn/2870311044.json,mdp.39015042603566
239,"https://explorer-api.opensyllabus.org/v1/works/49632642075073.json
",https://catalog.hathitrust.org/api/volumes/full/isbn/2870311044.json,mdp.39015056815494
240,"https://explorer-api.opensyllabus.org/v1/works/49632642075073.json
",https://catalog.hathitrust.org/api/volumes/full/isbn/2870311044.json,mdp.39015061011790
241,"https://explorer-api.opensyllabus.org/v1/works/49632642075073.json
",https://catalog.hathitrust.org/api/volumes/full/isbn/2870311044.json,mdp.39015069232117
242,"https://explorer-api.opensyllabus.org/v1/works/49632642075073.json
",https://catalog.hathitrust.org/api/volumes/full/isbn/2870311044.json,mdp.39015075633894
243,"https://explorer-api.opensyllabus.org/v1/works/49632642075073.json
",https://catalog.hathitrust.org/api/volumes/full/isbn/2870311044.json,uc1.31822036526788
244,"https://explorer-api.opensyllabus.org/v1/works/49632642075073.json
",https://catalog.hathitrust.org/api/volumes/full/isbn/2870311044.json,ien.35556017328774
245,"https://explorer-api.opensyllabus.org/v1/works/49632642075073.json
",https://catalog.hathitrust.org/api/volumes/full/isbn/2870311044.json,ien.35556029387883
246,"https://explorer-api.opensyllabus.org/v1/works/8658654571620.json
",https://catalog.hathitrust.org/api/volumes/full/isbn/0674991362.json,uva.x002556440
247,"https://explorer-api.opensyllabus.org/v1/works/8658654571620.json
",https://catalog.hathitrust.org/api/volumes/full/isbn/0674991362.json,uva.x001779185
248,"https://explorer-api.opensyllabus.org/v1/works/8658654571620.json
",https://catalog.hathitrust.org/api/volumes/full/isbn/0674991362.json,rul.39030014553269
249,"https://explorer-api.opensyllabus.org/v1/works/8658654571620.json
",https://catalog.hathitrust.org/api/volumes/full/isbn/0674991362.json,rul.39030009822661
250,"https://explorer-api.opensyllabus.org/v1/works/8658654571620.json
",https://catalog.hathitrust.org/api/volumes/full/isbn/0674991362.json,pst.000061183407
251,"https://explorer-api.opensyllabus.org/v1/works/47382079210797.json
",https://catalog.hathitrust.org/api/volumes/full/isbn/0198149875.json,uiuc.99397621412205899
252,"https://explorer-api.opensyllabus.org/v1/works/8924942545112.json
",https://catalog.hathitrust.org/api/volumes/full/isbn/0674731611.json,mdp.39015010206954
253,"https://explorer-api.opensyllabus.org/v1/works/46050639348607.json
",https://catalog.hathitrust.org/api/volumes/full/isbn/9780715629819.json,uva.x004548392
254,"https://explorer-api.opensyllabus.org/v1/works/51926154608873.json
",https://catalog.hathitrust.org/api/volumes/full/isbn/0198150040.json,uva.x002559488
255,"https://explorer-api.opensyllabus.org/v1/works/57569741637272.json
",https://catalog.hathitrust.org/api/volumes/full/isbn/9780198144540.json,uc1.32106006603689
256,"https://explorer-api.opensyllabus.org/v1/works/57569741637272.json
",https://catalog.hathitrust.org/api/volumes/full/isbn/9780198144540.json,mdp.39015046447705
257,"https://explorer-api.opensyllabus.org/v1/works/52235392255465.json
",https://catalog.hathitrust.org/api/volumes/full/isbn/9780195092943.json,mdp.39015034033046
258,"https://explorer-api.opensyllabus.org/v1/works/7507602833423.json
",https://catalog.hathitrust.org/api/volumes/full/isbn/9780865163379.json,mdp.39015054451128
259,"https://explorer-api.opensyllabus.org/v1/works/35639638624276.json
",https://catalog.hathitrust.org/api/volumes/full/isbn/9780195385205.json,ucbk.ark:/28722/h2930p95p
260,"https://explorer-api.opensyllabus.org/v1/works/35639638624276.json
",https://catalog.hathitrust.org/api/volumes/full/isbn/9780195385205.json,ucbk.ark:/28722/h24m91t3m
261,"https://explorer-api.opensyllabus.org/v1/works/8778913612611.json
",https://catalog.hathitrust.org/api/volumes/full/isbn/9780195385205.json,ucbk.ark:/28722/h2930p95p
262,"https://explorer-api.opensyllabus.org/v1/works/8778913612611.json
",https://catalog.hathitrust.org/api/volumes/full/isbn/9780195385205.json,ucbk.ark:/28722/h24m91t3m
263,"https://explorer-api.opensyllabus.org/v1/works/25640954757125.json
",https://catalog.hathitrust.org/api/volumes/full/isbn/9783322006707.json,uc1.32106009545788
264,"https://explorer-api.opensyllabus.org/v1/works/25640954757125.json
",https://catalog.hathitrust.org/api/volumes/full/isbn/9783322006707.json,mdp.39015019635351
265,"https://explorer-api.opensyllabus.org/v1/works/75548474737315.json
",https://catalog.hathitrust.org/api/volumes/full/isbn/9783322006707.json,uc1.32106009545788
266,"https://explorer-api.opensyllabus.org/v1/works/75548474737315.json
",https://catalog.hathitrust.org/api/volumes/full/isbn/9783322006707.json,mdp.39015019635351
267,"https://explorer-api.opensyllabus.org/v1/works/8418136409610.json
",https://catalog.hathitrust.org/api/volumes/full/isbn/0861871006.json,mdp.39015018842321
268,"https://explorer-api.opensyllabus.org/v1/works/55310588840215.json
",https://catalog.hathitrust.org/api/volumes/full/isbn/0299151107.json,mdp.39015036065251
269,"https://explorer-api.opensyllabus.org/v1/works/54649163876491.json
",https://catalog.hathitrust.org/api/volumes/full/isbn/0875910315.json,inu.30000042734545
270,"https://explorer-api.opensyllabus.org/v1/works/54125177864428.json
",https://catalog.hathitrust.org/api/volumes/full/isbn/9780521270892.json,mdp.39015005506335
271,"https://explorer-api.opensyllabus.org/v1/works/7636452108668.json
",https://catalog.hathitrust.org/api/volumes/full/isbn/9788846707420.json,mdp.39015058842421
272,"https://explorer-api.opensyllabus.org/v1/works/33595234190957.json
",https://catalog.hathitrust.org/api/volumes/full/isbn/9780470696507.json,mdp.39015076171431
273,"https://explorer-api.opensyllabus.org/v1/works/64089502003809.json
",https://catalog.hathitrust.org/api/volumes/full/isbn/9780470696507.json,mdp.39015076171431
274,"https://explorer-api.opensyllabus.org/v1/works/47914655155646.json
",https://catalog.hathitrust.org/api/volumes/full/isbn/1853593524.json,mdp.39015045699405
275,"https://explorer-api.opensyllabus.org/v1/works/33706903341157.json
",https://catalog.hathitrust.org/api/volumes/full/isbn/1853593524.json,mdp.39015045699405
276,"https://explorer-api.opensyllabus.org/v1/works/46858093202177.json
",https://catalog.hathitrust.org/api/volumes/full/isbn/9780192852489.json,mdp.39076001554836
277,"https://explorer-api.opensyllabus.org/v1/works/47777216203226.json
",https://catalog.hathitrust.org/api/volumes/full/isbn/9780521476836.json,ucbk.ark:/28722/h23n20m9s
278,"https://explorer-api.opensyllabus.org/v1/works/48816598288708.json
",https://catalog.hathitrust.org/api/volumes/full/isbn/0710093225.json,uva.x000629584
279,"https://explorer-api.opensyllabus.org/v1/works/7816840987223.json
",https://catalog.hathitrust.org/api/volumes/full/isbn/0416750001.json,mdp.39015008405188
280,"https://explorer-api.opensyllabus.org/v1/works/49417893708349.json
",https://catalog.hathitrust.org/api/volumes/full/isbn/9780801419942.json,mdp.49015000810714
281,"https://explorer-api.opensyllabus.org/v1/works/48550310314800.json
",https://catalog.hathitrust.org/api/volumes/full/isbn/9780801846212.json,mdp.39015032746508
282,"https://explorer-api.opensyllabus.org/v1/works/9062381504355.json
",https://catalog.hathitrust.org/api/volumes/full/isbn/9780415107525.json,mdp.39015034423965
283,"https://explorer-api.opensyllabus.org/v1/works/39960375724419.json
",https://catalog.hathitrust.org/api/volumes/full/isbn/9780415107525.json,mdp.39015034423965
284,"https://explorer-api.opensyllabus.org/v1/works/45131516347559.json
",https://catalog.hathitrust.org/api/volumes/full/isbn/039100767X.json,uc1.32106015828657
285,"https://explorer-api.opensyllabus.org/v1/works/45131516347559.json
",https://catalog.hathitrust.org/api/volumes/full/isbn/039100767X.json,uva.x000141292
286,"https://explorer-api.opensyllabus.org/v1/works/59382217836218.json
",https://catalog.hathitrust.org/api/volumes/full/isbn/0553213636.json,uc1.32106015868703
287,"https://explorer-api.opensyllabus.org/v1/works/47854525615001.json
",https://catalog.hathitrust.org/api/volumes/full/isbn/9780226048703.json,ucbk.ark:/28722/h26h4cz4q
288,"https://explorer-api.opensyllabus.org/v1/works/49280454754314.json
",https://catalog.hathitrust.org/api/volumes/full/isbn/0226706516.json,mdp.39015001802639
289,"https://explorer-api.opensyllabus.org/v1/works/48515950578103.json
",https://catalog.hathitrust.org/api/volumes/full/isbn/0226706516.json,mdp.39015001802639
290,"https://explorer-api.opensyllabus.org/v1/works/52381421144750.json
",https://catalog.hathitrust.org/api/volumes/full/isbn/9780801481642.json,mdp.39015032949995
291,"https://explorer-api.opensyllabus.org/v1/works/49615462206401.json
",https://catalog.hathitrust.org/api/volumes/full/isbn/041504751X.json,ucbk.ark:/28722/h2rj49321
292,"https://explorer-api.opensyllabus.org/v1/works/8727373791375.json
",https://catalog.hathitrust.org/api/volumes/full/isbn/9780198150718.json,mdp.39015070750545
293,"https://explorer-api.opensyllabus.org/v1/works/49804440767325.json
",https://catalog.hathitrust.org/api/volumes/full/isbn/9780198140276.json,mdp.39015020857986
294,"https://explorer-api.opensyllabus.org/v1/works/8048768880597.json
",https://catalog.hathitrust.org/api/volumes/full/isbn/9780521402934.json,mdp.39015029230060
295,"https://explorer-api.opensyllabus.org/v1/works/56745107917401.json
",https://catalog.hathitrust.org/api/volumes/full/isbn/0310430011.json,coo.31924005635168
296,"https://explorer-api.opensyllabus.org/v1/works/56375740727386.json
",https://catalog.hathitrust.org/api/volumes/full/isbn/0310430011.json,coo.31924005635168
297,"https://explorer-api.opensyllabus.org/v1/works/49581102467480.json
",https://catalog.hathitrust.org/api/volumes/full/isbn/9781565630352.json,mdp.39015033324826
298,"https://explorer-api.opensyllabus.org/v1/works/49581102467480.json
",https://catalog.hathitrust.org/api/volumes/full/isbn/9781565630352.json,mdp.39015033324941
299,"https://explorer-api.opensyllabus.org/v1/works/49581102467480.json
",https://catalog.hathitrust.org/api/volumes/full/isbn/9781565630352.json,mdp.39015033324834
300,"https://explorer-api.opensyllabus.org/v1/works/53781580482240.json
",https://catalog.hathitrust.org/api/volumes/full/isbn/0801417678.json,mdp.39015016858972
301,"https://explorer-api.opensyllabus.org/v1/works/52243982188816.json
",https://catalog.hathitrust.org/api/volumes/full/isbn/0472101943.json,mdp.39015021861490
302,"https://explorer-api.opensyllabus.org/v1/works/52243982188816.json
",https://catalog.hathitrust.org/api/volumes/full/isbn/0472101943.json,uc1.32106009787323
303,"https://explorer-api.opensyllabus.org/v1/works/51797305591085.json
",https://catalog.hathitrust.org/api/volumes/full/isbn/0292764987.json,mdp.39015016842653
304,"https://explorer-api.opensyllabus.org/v1/works/51797305591085.json
",https://catalog.hathitrust.org/api/volumes/full/isbn/0292764987.json,mdp.39015016842646
305,"https://explorer-api.opensyllabus.org/v1/works/50706383896914.json
",https://catalog.hathitrust.org/api/volumes/full/isbn/9780719029363.json,mdp.39015021645646
306,"https://explorer-api.opensyllabus.org/v1/works/54915451848197.json
",https://catalog.hathitrust.org/api/volumes/full/isbn/9780807820056.json,mdp.39015024786421
307,"https://explorer-api.opensyllabus.org/v1/works/54915451848197.json
",https://catalog.hathitrust.org/api/volumes/full/isbn/9780807820056.json,uc1.32106010396361
308,"https://explorer-api.opensyllabus.org/v1/works/7559142944049.json
",https://catalog.hathitrust.org/api/volumes/full/isbn/9783150093917.json,ien.35556008353534
309,"https://explorer-api.opensyllabus.org/v1/works/8607114965820.json
",https://catalog.hathitrust.org/api/volumes/full/isbn/0253313996.json,mdp.39015014159738
310,"https://explorer-api.opensyllabus.org/v1/works/51659866637767.json
",https://catalog.hathitrust.org/api/volumes/full/isbn/9780198140559.json,uc1.32106009763688
311,"https://explorer-api.opensyllabus.org/v1/works/51307679320341.json
",https://catalog.hathitrust.org/api/volumes/full/isbn/9780813208428.json,mdp.39015036062480
312,"https://explorer-api.opensyllabus.org/v1/works/46291157517295.json
",https://catalog.hathitrust.org/api/volumes/full/isbn/0714120421.json,mdp.39015011723494
313,"https://explorer-api.opensyllabus.org/v1/works/53180285061328.json
",https://catalog.hathitrust.org/api/volumes/full/isbn/9780822306108.json,dul1.ark:/13960/t5dc5t733
314,"https://explorer-api.opensyllabus.org/v1/works/53180285061328.json
",https://catalog.hathitrust.org/api/volumes/full/isbn/9780822306108.json,uc1.32106006852062
315,"https://explorer-api.opensyllabus.org/v1/works/7610682306148.json
",https://catalog.hathitrust.org/api/volumes/full/isbn/9783150066928.json,ien.35556000097477
316,"https://explorer-api.opensyllabus.org/v1/works/47974784696824.json
",https://catalog.hathitrust.org/api/volumes/full/isbn/9780674991996.json,inu.30000076358062
317,"https://explorer-api.opensyllabus.org/v1/works/47974784696824.json
",https://catalog.hathitrust.org/api/volumes/full/isbn/9780674991996.json,inu.30000025818646
318,"https://explorer-api.opensyllabus.org/v1/works/47974784696824.json
",https://catalog.hathitrust.org/api/volumes/full/isbn/9780674991996.json,uc1.31822005633722
319,"https://explorer-api.opensyllabus.org/v1/works/47974784696824.json
",https://catalog.hathitrust.org/api/volumes/full/isbn/9780674991996.json,uc1.31175016632708
320,"https://explorer-api.opensyllabus.org/v1/works/47974784696824.json
",https://catalog.hathitrust.org/api/volumes/full/isbn/9780674991996.json,uc1.32106006238445
321,"https://explorer-api.opensyllabus.org/v1/works/47974784696824.json
",https://catalog.hathitrust.org/api/volumes/full/isbn/9780674991996.json,mdp.49015001304774
322,"https://explorer-api.opensyllabus.org/v1/works/47974784696824.json
",https://catalog.hathitrust.org/api/volumes/full/isbn/9780674991996.json,mdp.39015011529933
323,"https://explorer-api.opensyllabus.org/v1/works/47974784696824.json
",https://catalog.hathitrust.org/api/volumes/full/isbn/9780674991996.json,uc1.32106008970573
324,"https://explorer-api.opensyllabus.org/v1/works/47974784696824.json
",https://catalog.hathitrust.org/api/volumes/full/isbn/9780674991996.json,uc1.b4097912
325,"https://explorer-api.opensyllabus.org/v1/works/47974784696824.json
",https://catalog.hathitrust.org/api/volumes/full/isbn/9780674991996.json,mdp.39015025635403
326,"https://explorer-api.opensyllabus.org/v1/works/47974784696824.json
",https://catalog.hathitrust.org/api/volumes/full/isbn/9780674991996.json,mdp.39015011542092
327,"https://explorer-api.opensyllabus.org/v1/works/47974784696824.json
",https://catalog.hathitrust.org/api/volumes/full/isbn/9780674991996.json,mdp.49015002005545
328,"https://explorer-api.opensyllabus.org/v1/works/47974784696824.json
",https://catalog.hathitrust.org/api/volumes/full/isbn/9780674991996.json,uc1.32106008487578
329,"https://explorer-api.opensyllabus.org/v1/works/47974784696824.json
",https://catalog.hathitrust.org/api/volumes/full/isbn/9780674991996.json,uc1.31822005627252
330,"https://explorer-api.opensyllabus.org/v1/works/47974784696824.json
",https://catalog.hathitrust.org/api/volumes/full/isbn/9780674991996.json,uc1.31822023850597
331,"https://explorer-api.opensyllabus.org/v1/works/47974784696824.json
",https://catalog.hathitrust.org/api/volumes/full/isbn/9780674991996.json,uc1.31822002635258
332,"https://explorer-api.opensyllabus.org/v1/works/47974784696824.json
",https://catalog.hathitrust.org/api/volumes/full/isbn/9780674991996.json,uc1.31175000878549
333,"https://explorer-api.opensyllabus.org/v1/works/47974784696824.json
",https://catalog.hathitrust.org/api/volumes/full/isbn/9780674991996.json,uc1.32106006238437
334,"https://explorer-api.opensyllabus.org/v1/works/47974784696824.json
",https://catalog.hathitrust.org/api/volumes/full/isbn/9780674991996.json,mdp.39015038903285
335,"https://explorer-api.opensyllabus.org/v1/works/47974784696824.json
",https://catalog.hathitrust.org/api/volumes/full/isbn/9780674991996.json,mdp.39015025635411
336,"https://explorer-api.opensyllabus.org/v1/works/47974784696824.json
",https://catalog.hathitrust.org/api/volumes/full/isbn/9780674991996.json,uc1.32106005384877
337,"https://explorer-api.opensyllabus.org/v1/works/8057358904342.json
",https://catalog.hathitrust.org/api/volumes/full/isbn/0887348610.json,inu.30000088088798
338,"https://explorer-api.opensyllabus.org/v1/works/55559696941407.json
",https://catalog.hathitrust.org/api/volumes/full/isbn/0198143923.json,mdp.39015040980503
339,"https://explorer-api.opensyllabus.org/v1/works/8091718643270.json
",https://catalog.hathitrust.org/api/volumes/full/isbn/9788817165242.json,mdp.39015054455178
340,"https://explorer-api.opensyllabus.org/v1/works/41283225651411.json
",https://catalog.hathitrust.org/api/volumes/full/isbn/9780198721932.json,mdp.39015054454106
341,"https://explorer-api.opensyllabus.org/v1/works/51994874085678.json
",https://catalog.hathitrust.org/api/volumes/full/isbn/9780198721734.json,mdp.39015047448223
342,"https://explorer-api.opensyllabus.org/v1/works/8418136149500.json
",https://catalog.hathitrust.org/api/volumes/full/isbn/9780198721734.json,mdp.39015047448223
343,"https://explorer-api.opensyllabus.org/v1/works/7507602833439.json
",https://catalog.hathitrust.org/api/volumes/full/isbn/0195096592.json,mdp.39015034418908
344,"https://explorer-api.opensyllabus.org/v1/works/7876970277338.json
",https://catalog.hathitrust.org/api/volumes/full/isbn/9780674574373.json,mdp.39015012434810
345,"https://explorer-api.opensyllabus.org/v1/works/7876970277338.json
",https://catalog.hathitrust.org/api/volumes/full/isbn/9780674574373.json,uva.x000599190
346,"https://explorer-api.opensyllabus.org/v1/works/7876970277338.json
",https://catalog.hathitrust.org/api/volumes/full/isbn/9780674574373.json,uc1.32106013777112
347,"https://explorer-api.opensyllabus.org/v1/works/47141561041366.json
",https://catalog.hathitrust.org/api/volumes/full/isbn/9780192852472.json,uc1.b4296740
348,"https://explorer-api.opensyllabus.org/v1/works/8942122413205.json
",https://catalog.hathitrust.org/api/volumes/full/isbn/0198152892.json,mdp.39015055899382
349,"https://explorer-api.opensyllabus.org/v1/works/39573828666208.json
",https://catalog.hathitrust.org/api/volumes/full/isbn/0715621947.json,umn.31951d00963820b
350,"https://explorer-api.opensyllabus.org/v1/works/65584150647178.json
",https://catalog.hathitrust.org/api/volumes/full/isbn/9780752414997.json,mdp.39015053124973
351,"https://explorer-api.opensyllabus.org/v1/works/58445914965118.json
",https://catalog.hathitrust.org/api/volumes/full/isbn/0714813281.json,mdp.39015046334085
352,"https://explorer-api.opensyllabus.org/v1/works/58445914965118.json
",https://catalog.hathitrust.org/api/volumes/full/isbn/0714813281.json,uc1.32106005424988
353,"https://explorer-api.opensyllabus.org/v1/works/34041910788805.json
",https://catalog.hathitrust.org/api/volumes/full/isbn/0714813281.json,mdp.39015046334085
354,"https://explorer-api.opensyllabus.org/v1/works/34041910788805.json
",https://catalog.hathitrust.org/api/volumes/full/isbn/0714813281.json,uc1.32106005424988
355,"https://explorer-api.opensyllabus.org/v1/works/8229157844153.json
",https://catalog.hathitrust.org/api/volumes/full/isbn/0674992571.json,mdp.49015000511494
356,"https://explorer-api.opensyllabus.org/v1/works/8229157844153.json
",https://catalog.hathitrust.org/api/volumes/full/isbn/0674992571.json,inu.32000000983496
357,"https://explorer-api.opensyllabus.org/v1/works/8229157844153.json
",https://catalog.hathitrust.org/api/volumes/full/isbn/0674992571.json,inu.30000039211465
358,"https://explorer-api.opensyllabus.org/v1/works/8229157844153.json
",https://catalog.hathitrust.org/api/volumes/full/isbn/0674992571.json,inu.30000007204500
359,"https://explorer-api.opensyllabus.org/v1/works/8229157844153.json
",https://catalog.hathitrust.org/api/volumes/full/isbn/0674992571.json,uva.x002281136
360,"https://explorer-api.opensyllabus.org/v1/works/8229157844153.json
",https://catalog.hathitrust.org/api/volumes/full/isbn/0674992571.json,chi.13799472
361,"https://explorer-api.opensyllabus.org/v1/works/8229157844153.json
",https://catalog.hathitrust.org/api/volumes/full/isbn/0674992571.json,uc1.31822027355593
362,"https://explorer-api.opensyllabus.org/v1/works/8229157844153.json
",https://catalog.hathitrust.org/api/volumes/full/isbn/0674992571.json,uc1.32106017211316
363,"https://explorer-api.opensyllabus.org/v1/works/8229157844153.json
",https://catalog.hathitrust.org/api/volumes/full/isbn/0674992571.json,coo.31924008539011
364,"https://explorer-api.opensyllabus.org/v1/works/8229157844153.json
",https://catalog.hathitrust.org/api/volumes/full/isbn/0674992571.json,hvd.32044029850872
365,"https://explorer-api.opensyllabus.org/v1/works/8229157844153.json
",https://catalog.hathitrust.org/api/volumes/full/isbn/0674992571.json,uc1.31175009772768
366,"https://explorer-api.opensyllabus.org/v1/works/8229157844153.json
",https://catalog.hathitrust.org/api/volumes/full/isbn/0674992571.json,uc1.31822008416729
367,"https://explorer-api.opensyllabus.org/v1/works/8229157844153.json
",https://catalog.hathitrust.org/api/volumes/full/isbn/0674992571.json,uc1.31822006926414
368,"https://explorer-api.opensyllabus.org/v1/works/8229157844153.json
",https://catalog.hathitrust.org/api/volumes/full/isbn/0674992571.json,uc1.31822002020238
369,"https://explorer-api.opensyllabus.org/v1/works/8229157844153.json
",https://catalog.hathitrust.org/api/volumes/full/isbn/0674992571.json,rul.390300038537040
370,"https://explorer-api.opensyllabus.org/v1/works/8229157844153.json
",https://catalog.hathitrust.org/api/volumes/full/isbn/0674992571.json,coo.31924008539029
371,"https://explorer-api.opensyllabus.org/v1/works/8229157844153.json
",https://catalog.hathitrust.org/api/volumes/full/isbn/0674992571.json,uc1.32106013965774
372,"https://explorer-api.opensyllabus.org/v1/works/8229157844153.json
",https://catalog.hathitrust.org/api/volumes/full/isbn/0674992571.json,uc1.32106005386880
373,"https://explorer-api.opensyllabus.org/v1/works/8229157844153.json
",https://catalog.hathitrust.org/api/volumes/full/isbn/0674992571.json,uc1.32106006203746
374,"https://explorer-api.opensyllabus.org/v1/works/8229157844153.json
",https://catalog.hathitrust.org/api/volumes/full/isbn/0674992571.json,uc1.l0078862562
375,"https://explorer-api.opensyllabus.org/v1/works/8229157844153.json
",https://catalog.hathitrust.org/api/volumes/full/isbn/0674992571.json,coo.31924008539037
376,"https://explorer-api.opensyllabus.org/v1/works/8229157844153.json
",https://catalog.hathitrust.org/api/volumes/full/isbn/0674992571.json,uc1.31822030527006
377,"https://explorer-api.opensyllabus.org/v1/works/8229157844153.json
",https://catalog.hathitrust.org/api/volumes/full/isbn/0674992571.json,rul.390300038537120
378,"https://explorer-api.opensyllabus.org/v1/works/8229157844153.json
",https://catalog.hathitrust.org/api/volumes/full/isbn/0674992571.json,rul.39030000146599
379,"https://explorer-api.opensyllabus.org/v1/works/8229157844153.json
",https://catalog.hathitrust.org/api/volumes/full/isbn/0674992571.json,rul.390300038537200
380,"https://explorer-api.opensyllabus.org/v1/works/8229157844153.json
",https://catalog.hathitrust.org/api/volumes/full/isbn/0674992571.json,rul.39030027189770
381,"https://explorer-api.opensyllabus.org/v1/works/8229157844153.json
",https://catalog.hathitrust.org/api/volumes/full/isbn/0674992571.json,iau.31858002195018
382,"https://explorer-api.opensyllabus.org/v1/works/8229157844153.json
",https://catalog.hathitrust.org/api/volumes/full/isbn/0674992571.json,uc1.32106005387003
383,"https://explorer-api.opensyllabus.org/v1/works/8229157844153.json
",https://catalog.hathitrust.org/api/volumes/full/isbn/0674992571.json,uc1.31822002020295
384,"https://explorer-api.opensyllabus.org/v1/works/8229157844153.json
",https://catalog.hathitrust.org/api/volumes/full/isbn/0674992571.json,uc1.31822023181787
385,"https://explorer-api.opensyllabus.org/v1/works/8229157844153.json
",https://catalog.hathitrust.org/api/volumes/full/isbn/0674992571.json,coo.31924008539052
386,"https://explorer-api.opensyllabus.org/v1/works/8229157844153.json
",https://catalog.hathitrust.org/api/volumes/full/isbn/0674992571.json,rul.39030006514006
387,"https://explorer-api.opensyllabus.org/v1/works/8229157844153.json
",https://catalog.hathitrust.org/api/volumes/full/isbn/0674992571.json,uc1.32106005387128
388,"https://explorer-api.opensyllabus.org/v1/works/8229157844153.json
",https://catalog.hathitrust.org/api/volumes/full/isbn/0674992571.json,rul.39030014552691
389,"https://explorer-api.opensyllabus.org/v1/works/8229157844153.json
",https://catalog.hathitrust.org/api/volumes/full/isbn/0674992571.json,rul.39030006635090
390,"https://explorer-api.opensyllabus.org/v1/works/8229157844153.json
",https://catalog.hathitrust.org/api/volumes/full/isbn/0674992571.json,uc1.31822017113358
391,"https://explorer-api.opensyllabus.org/v1/works/8229157844153.json
",https://catalog.hathitrust.org/api/volumes/full/isbn/0674992571.json,uc1.31822002020352
392,"https://explorer-api.opensyllabus.org/v1/works/8229157844153.json
",https://catalog.hathitrust.org/api/volumes/full/isbn/0674992571.json,uc1.31822006002414
393,"https://explorer-api.opensyllabus.org/v1/works/8229157844153.json
",https://catalog.hathitrust.org/api/volumes/full/isbn/0674992571.json,uc1.31822023202591
394,"https://explorer-api.opensyllabus.org/v1/works/8229157844153.json
",https://catalog.hathitrust.org/api/volumes/full/isbn/0674992571.json,rul.390300038537380
395,"https://explorer-api.opensyllabus.org/v1/works/8229157844153.json
",https://catalog.hathitrust.org/api/volumes/full/isbn/0674992571.json,iau.31858002195034
396,"https://explorer-api.opensyllabus.org/v1/works/8229157844153.json
",https://catalog.hathitrust.org/api/volumes/full/isbn/0674992571.json,coo.31924008539078
397,"https://explorer-api.opensyllabus.org/v1/works/8229157844153.json
",https://catalog.hathitrust.org/api/volumes/full/isbn/0674992571.json,rul.390300038537460
398,"https://explorer-api.opensyllabus.org/v1/works/8229157844153.json
",https://catalog.hathitrust.org/api/volumes/full/isbn/0674992571.json,iau.31858002195042
399,"https://explorer-api.opensyllabus.org/v1/works/8229157844153.json
",https://catalog.hathitrust.org/api/volumes/full/isbn/0674992571.json,uc1.32106005387011
400,"https://explorer-api.opensyllabus.org/v1/works/8229157844153.json
",https://catalog.hathitrust.org/api/volumes/full/isbn/0674992571.json,uc1.31822002020444
401,"https://explorer-api.opensyllabus.org/v1/works/8229157844153.json
",https://catalog.hathitrust.org/api/volumes/full/isbn/0674992571.json,rul.39030042539207
402,"https://explorer-api.opensyllabus.org/v1/works/8229157844153.json
",https://catalog.hathitrust.org/api/volumes/full/isbn/0674992571.json,rul.39030042539215
403,"https://explorer-api.opensyllabus.org/v1/works/8229157844153.json
",https://catalog.hathitrust.org/api/volumes/full/isbn/0674992571.json,uc1.31822006002380
404,"https://explorer-api.opensyllabus.org/v1/works/8229157844153.json
",https://catalog.hathitrust.org/api/volumes/full/isbn/0674992571.json,uc1.32106005387136
405,"https://explorer-api.opensyllabus.org/v1/works/8229157844153.json
",https://catalog.hathitrust.org/api/volumes/full/isbn/0674992571.json,rul.39030024485692
406,"https://explorer-api.opensyllabus.org/v1/works/8229157844153.json
",https://catalog.hathitrust.org/api/volumes/full/isbn/0674992571.json,iau.31858002195059
407,"https://explorer-api.opensyllabus.org/v1/works/8229157844153.json
",https://catalog.hathitrust.org/api/volumes/full/isbn/0674992571.json,coo.31924081303145
408,"https://explorer-api.opensyllabus.org/v1/works/8229157844153.json
",https://catalog.hathitrust.org/api/volumes/full/isbn/0674992571.json,ien.35556008442394
409,"https://explorer-api.opensyllabus.org/v1/works/8229157844153.json
",https://catalog.hathitrust.org/api/volumes/full/isbn/0674992571.json,uc1.32106005387250
410,"https://explorer-api.opensyllabus.org/v1/works/8229157844153.json
",https://catalog.hathitrust.org/api/volumes/full/isbn/0674992571.json,coo.31924008539110
411,"https://explorer-api.opensyllabus.org/v1/works/8229157844153.json
",https://catalog.hathitrust.org/api/volumes/full/isbn/0674992571.json,uc1.32106005386906
412,"https://explorer-api.opensyllabus.org/v1/works/8229157844153.json
",https://catalog.hathitrust.org/api/volumes/full/isbn/0674992571.json,rul.39030041059652
413,"https://explorer-api.opensyllabus.org/v1/works/8229157844153.json
",https://catalog.hathitrust.org/api/volumes/full/isbn/0674992571.json,uc1.32106005387029
414,"https://explorer-api.opensyllabus.org/v1/works/8229157844153.json
",https://catalog.hathitrust.org/api/volumes/full/isbn/0674992571.json,uc1.31822002020501
415,"https://explorer-api.opensyllabus.org/v1/works/48430051230953.json
",https://catalog.hathitrust.org/api/volumes/full/isbn/9781563380235.json,mdp.49015001363143
416,"https://explorer-api.opensyllabus.org/v1/works/51161650431752.json
",https://catalog.hathitrust.org/api/volumes/full/isbn/9781563380235.json,mdp.49015001363143
417,"https://explorer-api.opensyllabus.org/v1/works/40853728921889.json
",https://catalog.hathitrust.org/api/volumes/full/isbn/9781852640170.json,mdp.39015014753217
418,"https://explorer-api.opensyllabus.org/v1/works/50027779064836.json
",https://catalog.hathitrust.org/api/volumes/full/isbn/9780198267294.json,mdp.39015028410259
419,"https://explorer-api.opensyllabus.org/v1/works/8976482180431.json
",https://catalog.hathitrust.org/api/volumes/full/isbn/9780801415319.json,uc1.32106006664822
420,"https://explorer-api.opensyllabus.org/v1/works/8976482180431.json
",https://catalog.hathitrust.org/api/volumes/full/isbn/9780801415319.json,mdp.39015005097566
421,"https://explorer-api.opensyllabus.org/v1/works/52226802321917.json
",https://catalog.hathitrust.org/api/volumes/full/isbn/0804713987.json,uc1.b4967980
422,"https://explorer-api.opensyllabus.org/v1/works/57269093926889.json
",https://catalog.hathitrust.org/api/volumes/full/isbn/0520027469.json,uc1.32106001525812
423,"https://explorer-api.opensyllabus.org/v1/works/8014409116728.json
",https://catalog.hathitrust.org/api/volumes/full/isbn/0520027469.json,uc1.32106001525812
424,"https://explorer-api.opensyllabus.org/v1/works/62002147893933.json
",https://catalog.hathitrust.org/api/volumes/full/isbn/9780862920531.json,mdp.39015018836760
425,"https://explorer-api.opensyllabus.org/v1/works/62002147893933.json
",https://catalog.hathitrust.org/api/volumes/full/isbn/9780862920531.json,uc1.32106008081967
426,"https://explorer-api.opensyllabus.org/v1/works/8031589100073.json
",https://catalog.hathitrust.org/api/volumes/full/isbn/0674990439.json,mdp.39015041986764
427,"https://explorer-api.opensyllabus.org/v1/works/54924041782012.json
",https://catalog.hathitrust.org/api/volumes/full/isbn/0802822509.json,uc1.32106014726407
428,"https://explorer-api.opensyllabus.org/v1/works/54924041782012.json
",https://catalog.hathitrust.org/api/volumes/full/isbn/0802822509.json,uc1.32106014726415
429,"https://explorer-api.opensyllabus.org/v1/works/54924041782012.json
",https://catalog.hathitrust.org/api/volumes/full/isbn/0802822509.json,uc1.32106014726423
430,"https://explorer-api.opensyllabus.org/v1/works/54924041782012.json
",https://catalog.hathitrust.org/api/volumes/full/isbn/0802822509.json,uc1.32106014726431
431,"https://explorer-api.opensyllabus.org/v1/works/54924041782012.json
",https://catalog.hathitrust.org/api/volumes/full/isbn/0802822509.json,uva.x004965975
432,"https://explorer-api.opensyllabus.org/v1/works/54924041782012.json
",https://catalog.hathitrust.org/api/volumes/full/isbn/0802822509.json,uc1.32106014726449
433,"https://explorer-api.opensyllabus.org/v1/works/54924041782012.json
",https://catalog.hathitrust.org/api/volumes/full/isbn/0802822509.json,uva.x030507185
434,"https://explorer-api.opensyllabus.org/v1/works/54924041782012.json
",https://catalog.hathitrust.org/api/volumes/full/isbn/0802822509.json,uc1.32106014726456
435,"https://explorer-api.opensyllabus.org/v1/works/54924041782012.json
",https://catalog.hathitrust.org/api/volumes/full/isbn/0802822509.json,uva.x030507186
436,"https://explorer-api.opensyllabus.org/v1/works/54924041782012.json
",https://catalog.hathitrust.org/api/volumes/full/isbn/0802822509.json,mdp.39015066405757
437,"https://explorer-api.opensyllabus.org/v1/works/54924041782012.json
",https://catalog.hathitrust.org/api/volumes/full/isbn/0802822509.json,uc1.32106014726472
438,"https://explorer-api.opensyllabus.org/v1/works/54924041782012.json
",https://catalog.hathitrust.org/api/volumes/full/isbn/0802822509.json,uc1.32106014726480
439,"https://explorer-api.opensyllabus.org/v1/works/54924041782012.json
",https://catalog.hathitrust.org/api/volumes/full/isbn/0802822509.json,uc1.32106014726498
440,"https://explorer-api.opensyllabus.org/v1/works/8950712288751.json
",https://catalog.hathitrust.org/api/volumes/full/isbn/9781853595202.json,uc1.32106011396063
441,"https://explorer-api.opensyllabus.org/v1/works/8950712288751.json
",https://catalog.hathitrust.org/api/volumes/full/isbn/9781853595202.json,mdp.39015054264547
442,"https://explorer-api.opensyllabus.org/v1/works/36971078484306.json
",https://catalog.hathitrust.org/api/volumes/full/isbn/9788772881669.json,uc1.32106008750538
443,"https://explorer-api.opensyllabus.org/v1/works/51410758535242.json
",https://catalog.hathitrust.org/api/volumes/full/isbn/0801841194.json,mdp.39015019425449
444,"https://explorer-api.opensyllabus.org/v1/works/51410758535242.json
",https://catalog.hathitrust.org/api/volumes/full/isbn/0801841194.json,uc1.32106013784977
445,"https://explorer-api.opensyllabus.org/v1/works/51410758535242.json
",https://catalog.hathitrust.org/api/volumes/full/isbn/0801841194.json,uc1.32106009557551
446,"https://explorer-api.opensyllabus.org/v1/works/48962627175727.json
",https://catalog.hathitrust.org/api/volumes/full/isbn/0198721560.json,mdp.39015040739750
447,"https://explorer-api.opensyllabus.org/v1/works/48962627175727.json
",https://catalog.hathitrust.org/api/volumes/full/isbn/0198721560.json,mdp.39015053041425
448,"https://explorer-api.opensyllabus.org/v1/works/44349832298852.json
",https://catalog.hathitrust.org/api/volumes/full/isbn/9780500203095.json,ucbk.ark:/28722/h2x34n13t
449,"https://explorer-api.opensyllabus.org/v1/works/43258910607449.json
",https://catalog.hathitrust.org/api/volumes/full/isbn/0812236521.json,mdp.39015055177557
450,"https://explorer-api.opensyllabus.org/v1/works/40853728919886.json
",https://catalog.hathitrust.org/api/volumes/full/isbn/9780715615638.json,mdp.39015004881408
451,"https://explorer-api.opensyllabus.org/v1/works/7507602833493.json
",https://catalog.hathitrust.org/api/volumes/full/isbn/9780715615638.json,mdp.39015004881408
452,"https://explorer-api.opensyllabus.org/v1/works/75265006897685.json
",https://catalog.hathitrust.org/api/volumes/full/isbn/9780715615638.json,mdp.39015004881408
453,"https://explorer-api.opensyllabus.org/v1/works/7748121511763.json
",https://catalog.hathitrust.org/api/volumes/full/isbn/9780415116237.json,mdp.39015053407071
454,"https://explorer-api.opensyllabus.org/v1/works/32710470926907.json
",https://catalog.hathitrust.org/api/volumes/full/isbn/9780198661214.json,umn.31951d00634768l
455,"https://explorer-api.opensyllabus.org/v1/works/41274635716601.json
",https://catalog.hathitrust.org/api/volumes/full/isbn/9781900650373.json,mdp.39015055829769
456,"https://explorer-api.opensyllabus.org/v1/works/50414326122914.json
",https://catalog.hathitrust.org/api/volumes/full/isbn/9780739104002.json,uc1.32106016629435
457,"https://explorer-api.opensyllabus.org/v1/works/7782481245047.json
",https://catalog.hathitrust.org/api/volumes/full/isbn/0674991761.json,inu.32000006746129
458,"https://explorer-api.opensyllabus.org/v1/works/7782481245047.json
",https://catalog.hathitrust.org/api/volumes/full/isbn/0674991761.json,inu.32000006746038
459,"https://explorer-api.opensyllabus.org/v1/works/7782481245047.json
",https://catalog.hathitrust.org/api/volumes/full/isbn/0674991761.json,uc1.31822007683360
460,"https://explorer-api.opensyllabus.org/v1/works/7782481245047.json
",https://catalog.hathitrust.org/api/volumes/full/isbn/0674991761.json,uc1.31822002020311
461,"https://explorer-api.opensyllabus.org/v1/works/7782481245047.json
",https://catalog.hathitrust.org/api/volumes/full/isbn/0674991761.json,pst.000061184176
462,"https://explorer-api.opensyllabus.org/v1/works/7782481245047.json
",https://catalog.hathitrust.org/api/volumes/full/isbn/0674991761.json,uc1.31822007683378
463,"https://explorer-api.opensyllabus.org/v1/works/7782481245047.json
",https://catalog.hathitrust.org/api/volumes/full/isbn/0674991761.json,uc1.31822002020345
464,"https://explorer-api.opensyllabus.org/v1/works/7782481245047.json
",https://catalog.hathitrust.org/api/volumes/full/isbn/0674991761.json,msu.31293100789902
465,"https://explorer-api.opensyllabus.org/v1/works/7782481245047.json
",https://catalog.hathitrust.org/api/volumes/full/isbn/0674991761.json,uc1.31822007683386
466,"https://explorer-api.opensyllabus.org/v1/works/7782481245047.json
",https://catalog.hathitrust.org/api/volumes/full/isbn/0674991761.json,uc1.31822002020378
467,"https://explorer-api.opensyllabus.org/v1/works/7782481245047.json
",https://catalog.hathitrust.org/api/volumes/full/isbn/0674991761.json,pst.000002062532
468,"https://explorer-api.opensyllabus.org/v1/works/7782481245047.json
",https://catalog.hathitrust.org/api/volumes/full/isbn/0674991761.json,uc1.31822006960793
469,"https://explorer-api.opensyllabus.org/v1/works/7782481245047.json
",https://catalog.hathitrust.org/api/volumes/full/isbn/0674991761.json,uc1.31822002020402
470,"https://explorer-api.opensyllabus.org/v1/works/7782481245047.json
",https://catalog.hathitrust.org/api/volumes/full/isbn/0674991761.json,uc1.31822006960736
471,"https://explorer-api.opensyllabus.org/v1/works/7782481245047.json
",https://catalog.hathitrust.org/api/volumes/full/isbn/0674991761.json,uc1.31822002020436
472,"https://explorer-api.opensyllabus.org/v1/works/7782481245047.json
",https://catalog.hathitrust.org/api/volumes/full/isbn/0674991761.json,pst.000061184145
473,"https://explorer-api.opensyllabus.org/v1/works/7782481245047.json
",https://catalog.hathitrust.org/api/volumes/full/isbn/0674991761.json,uc1.31822006960678
474,"https://explorer-api.opensyllabus.org/v1/works/7782481245047.json
",https://catalog.hathitrust.org/api/volumes/full/isbn/0674991761.json,uc1.31822002020469
475,"https://explorer-api.opensyllabus.org/v1/works/48670569398881.json
",https://catalog.hathitrust.org/api/volumes/full/isbn/0391007661.json,uva.x000306230
476,"https://explorer-api.opensyllabus.org/v1/works/48670569398881.json
",https://catalog.hathitrust.org/api/volumes/full/isbn/0391007661.json,mdp.39015011805200
477,"https://explorer-api.opensyllabus.org/v1/works/51659866638847.json
",https://catalog.hathitrust.org/api/volumes/full/isbn/0674643631.json,uva.x004088643
478,"https://explorer-api.opensyllabus.org/v1/works/8753143593392.json
",https://catalog.hathitrust.org/api/volumes/full/isbn/9780199274833.json,uc1.l0097032411
479,"https://explorer-api.opensyllabus.org/v1/works/8753143593392.json
",https://catalog.hathitrust.org/api/volumes/full/isbn/9780199274833.json,uc1.31822035231711
480,"https://explorer-api.opensyllabus.org/v1/works/51359218928686.json
",https://catalog.hathitrust.org/api/volumes/full/isbn/9780801423536.json,uc1.32106014653957
481,"https://explorer-api.opensyllabus.org/v1/works/51359218928686.json
",https://catalog.hathitrust.org/api/volumes/full/isbn/9780801423536.json,mdp.39015016976295
482,"https://explorer-api.opensyllabus.org/v1/works/51359218928686.json
",https://catalog.hathitrust.org/api/volumes/full/isbn/9780801423536.json,ucbk.ark:/28722/h2kp7v65d
483,"https://explorer-api.opensyllabus.org/v1/works/51359218928686.json
",https://catalog.hathitrust.org/api/volumes/full/isbn/9780801423536.json,uc1.32106009284750
484,"https://explorer-api.opensyllabus.org/v1/works/47966194762566.json
",https://catalog.hathitrust.org/api/volumes/full/isbn/9780801840197.json,uc1.b4967978
485,"https://explorer-api.opensyllabus.org/v1/works/44616120272491.json
",https://catalog.hathitrust.org/api/volumes/full/isbn/0691017301.json,mdp.39015048916509
486,"https://explorer-api.opensyllabus.org/v1/works/32478542693719.json
",https://catalog.hathitrust.org/api/volumes/full/isbn/9781585101849.json,mdp.39015079263219
487,"https://explorer-api.opensyllabus.org/v1/works/56349970925210.json
",https://catalog.hathitrust.org/api/volumes/full/isbn/0520051009.json,ucbk.ark:/28722/h2jw86w07
488,"https://explorer-api.opensyllabus.org/v1/works/8976482153142.json
",https://catalog.hathitrust.org/api/volumes/full/isbn/9803763210.json,uc1.c098909830
489,"https://explorer-api.opensyllabus.org/v1/works/8976482153142.json
",https://catalog.hathitrust.org/api/volumes/full/isbn/9803763210.json,uc1.c093492469
490,"https://explorer-api.opensyllabus.org/v1/works/7584912501794.json
",https://catalog.hathitrust.org/api/volumes/full/isbn/9803763210.json,uc1.c098909830
491,"https://explorer-api.opensyllabus.org/v1/works/7584912501794.json
",https://catalog.hathitrust.org/api/volumes/full/isbn/9803763210.json,uc1.c093492469
492,"https://explorer-api.opensyllabus.org/v1/works/7507602833484.json
",https://catalog.hathitrust.org/api/volumes/full/isbn/0521422418.json,mdp.39015057647920
493,"https://explorer-api.opensyllabus.org/v1/works/7842610791491.json
",https://catalog.hathitrust.org/api/volumes/full/isbn/0415043166.json,wu.89042496588
494,"https://explorer-api.opensyllabus.org/v1/works/8693014266875.json
",https://catalog.hathitrust.org/api/volumes/full/isbn/0415043166.json,wu.89042496588
495,"https://explorer-api.opensyllabus.org/v1/works/8297877292017.json
",https://catalog.hathitrust.org/api/volumes/full/isbn/0415043166.json,wu.89042496588
496,"https://explorer-api.opensyllabus.org/v1/works/42408507081963.json
",https://catalog.hathitrust.org/api/volumes/full/isbn/0472085689.json,mdp.39015054069953
497,"https://explorer-api.opensyllabus.org/v1/works/50036369001157.json
",https://catalog.hathitrust.org/api/volumes/full/isbn/9780198148944.json,mdp.39015032755996
498,"https://explorer-api.opensyllabus.org/v1/works/7541963081072.json
",https://catalog.hathitrust.org/api/volumes/full/isbn/0713427949.json,wu.89003882586
499,"https://explorer-api.opensyllabus.org/v1/works/45629732553517.json
",https://catalog.hathitrust.org/api/volumes/full/isbn/0714824968.json,mdp.39015033746069
500,"https://explorer-api.opensyllabus.org/v1/works/7507602833459.json
",https://catalog.hathitrust.org/api/volumes/full/isbn/9780198141976.json,mdp.39015005138238
501,"https://explorer-api.opensyllabus.org/v1/works/7507602833459.json
",https://catalog.hathitrust.org/api/volumes/full/isbn/9780198141976.json,uc1.32106001537072
502,"https://explorer-api.opensyllabus.org/v1/works/49787260897140.json
",https://catalog.hathitrust.org/api/volumes/full/isbn/0714822181.json,uc1.31822000157008
503,"https://explorer-api.opensyllabus.org/v1/works/46694884442962.json
",https://catalog.hathitrust.org/api/volumes/full/isbn/9780415057233.json,uva.x002010057
504,"https://explorer-api.opensyllabus.org/v1/works/42674795053468.json
",https://catalog.hathitrust.org/api/volumes/full/isbn/9780415057233.json,uva.x002010057
505,"https://explorer-api.opensyllabus.org/v1/works/47622597379422.json
",https://catalog.hathitrust.org/api/volumes/full/isbn/9780521058902.json,mdp.39015004964410
506,"https://explorer-api.opensyllabus.org/v1/works/48722109008421.json
",https://catalog.hathitrust.org/api/volumes/full/isbn/9780198721888.json,mdp.39015047448082
507,"https://explorer-api.opensyllabus.org/v1/works/7507602833445.json
",https://catalog.hathitrust.org/api/volumes/full/isbn/9780856686535.json,mdp.39015053038280
508,"https://explorer-api.opensyllabus.org/v1/works/7791070843885.json
",https://catalog.hathitrust.org/api/volumes/full/isbn/1900650541.json,mdp.39015055829694
509,"https://explorer-api.opensyllabus.org/v1/works/50465865728887.json
",https://catalog.hathitrust.org/api/volumes/full/isbn/3447042257.json,mdp.39015047560134
510,"https://explorer-api.opensyllabus.org/v1/works/41781441857019.json
",https://catalog.hathitrust.org/api/volumes/full/isbn/0674541510.json,ucbk.ark:/28722/h2fq9qm50
511,"https://explorer-api.opensyllabus.org/v1/works/41781441857019.json
",https://catalog.hathitrust.org/api/volumes/full/isbn/0674541510.json,pst.000043917785
512,"https://explorer-api.opensyllabus.org/v1/works/48765058679169.json
",https://catalog.hathitrust.org/api/volumes/full/isbn/0415146356.json,mdp.39015043108037
513,"https://explorer-api.opensyllabus.org/v1/works/51144470561746.json
",https://catalog.hathitrust.org/api/volumes/full/isbn/0822630699.json,mdp.39015041294953
514,"https://explorer-api.opensyllabus.org/v1/works/50560355008885.json
",https://catalog.hathitrust.org/api/volumes/full/isbn/0198140584.json,mdp.39015016967864
515,"https://explorer-api.opensyllabus.org/v1/works/50560355008885.json
",https://catalog.hathitrust.org/api/volumes/full/isbn/0198140584.json,uc1.32106009283588
516,"https://explorer-api.opensyllabus.org/v1/works/73942156968810.json
",https://catalog.hathitrust.org/api/volumes/full/isbn/0198140584.json,mdp.39015016967864
517,"https://explorer-api.opensyllabus.org/v1/works/73942156968810.json
",https://catalog.hathitrust.org/api/volumes/full/isbn/0198140584.json,uc1.32106009283588
518,"https://explorer-api.opensyllabus.org/v1/works/57518202028170.json
",https://catalog.hathitrust.org/api/volumes/full/isbn/9780801832505.json,mdp.39015010770595
519,"https://explorer-api.opensyllabus.org/v1/works/57518202028170.json
",https://catalog.hathitrust.org/api/volumes/full/isbn/9780801832505.json,uc1.32106007605915
520,"https://explorer-api.opensyllabus.org/v1/works/48644799595921.json
",https://catalog.hathitrust.org/api/volumes/full/isbn/029915470X.json,mdp.39076001841936
521,"https://explorer-api.opensyllabus.org/v1/works/72997264173851.json
",https://catalog.hathitrust.org/api/volumes/full/isbn/029915470X.json,mdp.39076001841936
522,"https://explorer-api.opensyllabus.org/v1/works/48378511624931.json
",https://catalog.hathitrust.org/api/volumes/full/isbn/0714822140.json,mdp.39015001712739
523,"https://explorer-api.opensyllabus.org/v1/works/48661979465229.json
",https://catalog.hathitrust.org/api/volumes/full/isbn/0520200241.json,mdp.39015040156195
524,"https://explorer-api.opensyllabus.org/v1/works/63187558910565.json
",https://catalog.hathitrust.org/api/volumes/full/isbn/0226673332.json,ucbk.ark:/28722/h26970d1m
525,"https://explorer-api.opensyllabus.org/v1/works/55791625177037.json
",https://catalog.hathitrust.org/api/volumes/full/isbn/0813206103.json,uc1.32106007510206
526,"https://explorer-api.opensyllabus.org/v1/works/35459249997882.json
",https://catalog.hathitrust.org/api/volumes/full/isbn/9780892368075.json,mdp.39015074293377
527,"https://explorer-api.opensyllabus.org/v1/works/9156870770243.json
",https://catalog.hathitrust.org/api/volumes/full/isbn/9780472102303.json,uc1.32106009786747
528,"https://explorer-api.opensyllabus.org/v1/works/40518721471772.json
",https://catalog.hathitrust.org/api/volumes/full/isbn/1850753903.json,mdp.39015029560060
529,"https://explorer-api.opensyllabus.org/v1/works/61254823596885.json
",https://catalog.hathitrust.org/api/volumes/full/isbn/1850753903.json,mdp.39015029560060
530,"https://explorer-api.opensyllabus.org/v1/works/46188078302497.json
",https://catalog.hathitrust.org/api/volumes/full/isbn/9780714122076.json,mdp.39015033997530
531,"https://explorer-api.opensyllabus.org/v1/works/8856223023261.json
",https://catalog.hathitrust.org/api/volumes/full/isbn/9780714122076.json,mdp.39015033997530
532,"https://explorer-api.opensyllabus.org/v1/works/61950608301143.json
",https://catalog.hathitrust.org/api/volumes/full/isbn/9781840221442.json,mdp.39015066733083
533,"https://explorer-api.opensyllabus.org/v1/works/48619029792486.json
",https://catalog.hathitrust.org/api/volumes/full/isbn/0861871006.json,mdp.39015018842321
534,"https://explorer-api.opensyllabus.org/v1/works/46153718565865.json
",https://catalog.hathitrust.org/api/volumes/full/isbn/0861871006.json,mdp.39015018842321
535,"https://explorer-api.opensyllabus.org/v1/works/52175262712087.json
",https://catalog.hathitrust.org/api/volumes/full/isbn/0684175940.json,mdp.49015002853571
536,"https://explorer-api.opensyllabus.org/v1/works/52175262712087.json
",https://catalog.hathitrust.org/api/volumes/full/isbn/0684175940.json,mdp.39015036089392
537,"https://explorer-api.opensyllabus.org/v1/works/52175262712087.json
",https://catalog.hathitrust.org/api/volumes/full/isbn/0684175940.json,mdp.49015002853589
538,"https://explorer-api.opensyllabus.org/v1/works/52175262712087.json
",https://catalog.hathitrust.org/api/volumes/full/isbn/0684175940.json,mdp.39015013316131
539,"https://explorer-api.opensyllabus.org/v1/works/52175262712087.json
",https://catalog.hathitrust.org/api/volumes/full/isbn/0684175940.json,mdp.39015036089384
540,"https://explorer-api.opensyllabus.org/v1/works/52175262712087.json
",https://catalog.hathitrust.org/api/volumes/full/isbn/0684175940.json,mdp.49015002853597
541,"https://explorer-api.opensyllabus.org/v1/works/52175262712087.json
",https://catalog.hathitrust.org/api/volumes/full/isbn/0684175940.json,mdp.39015036089376
542,"https://explorer-api.opensyllabus.org/v1/works/59734405155479.json
",https://catalog.hathitrust.org/api/volumes/full/isbn/0299808963.json,mdp.39015003878967
543,"https://explorer-api.opensyllabus.org/v1/works/59734405155479.json
",https://catalog.hathitrust.org/api/volumes/full/isbn/0299808963.json,mdp.39015010819509
544,"https://explorer-api.opensyllabus.org/v1/works/59734405155479.json
",https://catalog.hathitrust.org/api/volumes/full/isbn/0299808963.json,uiug.30112010348966
545,"https://explorer-api.opensyllabus.org/v1/works/59734405155479.json
",https://catalog.hathitrust.org/api/volumes/full/isbn/0299808963.json,uc1.$b728644
546,"https://explorer-api.opensyllabus.org/v1/works/59734405155479.json
",https://catalog.hathitrust.org/api/volumes/full/isbn/0299808963.json,uc1.32106005496952
547,"https://explorer-api.opensyllabus.org/v1/works/59734405155479.json
",https://catalog.hathitrust.org/api/volumes/full/isbn/0299808963.json,mdp.39015003878991
548,"https://explorer-api.opensyllabus.org/v1/works/59734405155479.json
",https://catalog.hathitrust.org/api/volumes/full/isbn/0299808963.json,uc1.$b728645
549,"https://explorer-api.opensyllabus.org/v1/works/59734405155479.json
",https://catalog.hathitrust.org/api/volumes/full/isbn/0299808963.json,inu.32000000978579
550,"https://explorer-api.opensyllabus.org/v1/works/59734405155479.json
",https://catalog.hathitrust.org/api/volumes/full/isbn/0299808963.json,uc1.32106019317665
551,"https://explorer-api.opensyllabus.org/v1/works/63342177717680.json
",https://catalog.hathitrust.org/api/volumes/full/isbn/0299808963.json,mdp.39015003878967
552,"https://explorer-api.opensyllabus.org/v1/works/63342177717680.json
",https://catalog.hathitrust.org/api/volumes/full/isbn/0299808963.json,mdp.39015010819509
553,"https://explorer-api.opensyllabus.org/v1/works/63342177717680.json
",https://catalog.hathitrust.org/api/volumes/full/isbn/0299808963.json,uiug.30112010348966
554,"https://explorer-api.opensyllabus.org/v1/works/63342177717680.json
",https://catalog.hathitrust.org/api/volumes/full/isbn/0299808963.json,uc1.$b728644
555,"https://explorer-api.opensyllabus.org/v1/works/63342177717680.json
",https://catalog.hathitrust.org/api/volumes/full/isbn/0299808963.json,uc1.32106005496952
556,"https://explorer-api.opensyllabus.org/v1/works/63342177717680.json
",https://catalog.hathitrust.org/api/volumes/full/isbn/0299808963.json,mdp.39015003878991
557,"https://explorer-api.opensyllabus.org/v1/works/63342177717680.json
",https://catalog.hathitrust.org/api/volumes/full/isbn/0299808963.json,uc1.$b728645
558,"https://explorer-api.opensyllabus.org/v1/works/63342177717680.json
",https://catalog.hathitrust.org/api/volumes/full/isbn/0299808963.json,inu.32000000978579
559,"https://explorer-api.opensyllabus.org/v1/works/63342177717680.json
",https://catalog.hathitrust.org/api/volumes/full/isbn/0299808963.json,uc1.32106019317665
560,"https://explorer-api.opensyllabus.org/v1/works/47261820126331.json
",https://catalog.hathitrust.org/api/volumes/full/isbn/0802016464.json,uva.x000371223
561,"https://explorer-api.opensyllabus.org/v1/works/46394236732158.json
",https://catalog.hathitrust.org/api/volumes/full/isbn/9780631218906.json,hvd.32044060762705
562,"https://explorer-api.opensyllabus.org/v1/works/50027779064666.json
",https://catalog.hathitrust.org/api/volumes/full/isbn/9780631218906.json,hvd.32044060762705
563,"https://explorer-api.opensyllabus.org/v1/works/33243046872786.json
",https://catalog.hathitrust.org/api/volumes/full/isbn/1405131454.json,ucbk.ark:/28722/h21c1tp5x
564,"https://explorer-api.opensyllabus.org/v1/works/49933289784431.json
",https://catalog.hathitrust.org/api/volumes/full/isbn/9780674033863.json,uva.x001284282
565,"https://explorer-api.opensyllabus.org/v1/works/59167469471727.json
",https://catalog.hathitrust.org/api/volumes/full/isbn/9780674033863.json,uva.x001284282
566,"https://explorer-api.opensyllabus.org/v1/works/48387101559657.json
",https://catalog.hathitrust.org/api/volumes/full/isbn/0801843006.json,mdp.49015002853662
567,"https://explorer-api.opensyllabus.org/v1/works/7636452359790.json
",https://catalog.hathitrust.org/api/volumes/full/isbn/0801843006.json,mdp.49015002853662
568,"https://explorer-api.opensyllabus.org/v1/works/50010599195200.json
",https://catalog.hathitrust.org/api/volumes/full/isbn/0674197690.json,mdp.39015045977850
569,"https://explorer-api.opensyllabus.org/v1/works/8546985414047.json
",https://catalog.hathitrust.org/api/volumes/full/isbn/0472105973.json,uc1.32106013339475
570,"https://explorer-api.opensyllabus.org/v1/works/8546985414047.json
",https://catalog.hathitrust.org/api/volumes/full/isbn/0472105973.json,mdp.39015037802157
571,"https://explorer-api.opensyllabus.org/v1/works/51359218928736.json
",https://catalog.hathitrust.org/api/volumes/full/isbn/9780801423352.json,mdp.39015018916018
572,"https://explorer-api.opensyllabus.org/v1/works/54932631718520.json
",https://catalog.hathitrust.org/api/volumes/full/isbn/9780801423352.json,mdp.39015018916018
573,"https://explorer-api.opensyllabus.org/v1/works/8040179034847.json
",https://catalog.hathitrust.org/api/volumes/full/isbn/1585100919.json,mdp.39015060123695
574,"https://explorer-api.opensyllabus.org/v1/works/73151882994955.json
",https://catalog.hathitrust.org/api/volumes/full/isbn/1585100919.json,mdp.39015060123695
575,"https://explorer-api.opensyllabus.org/v1/works/45810121181015.json
",https://catalog.hathitrust.org/api/volumes/full/isbn/9780521550703.json,mdp.39015050112526
576,"https://explorer-api.opensyllabus.org/v1/works/50903952392659.json
",https://catalog.hathitrust.org/api/volumes/full/isbn/9780521550703.json,mdp.39015050112526
577,"https://explorer-api.opensyllabus.org/v1/works/36867999270966.json
",https://catalog.hathitrust.org/api/volumes/full/isbn/9780913573181.json,uc1.32106007618587
578,"https://explorer-api.opensyllabus.org/v1/works/39144331938565.json
",https://catalog.hathitrust.org/api/volumes/full/isbn/9788323005223.json,inu.30000004067017
579,"https://explorer-api.opensyllabus.org/v1/works/65249143183230.json
",https://catalog.hathitrust.org/api/volumes/full/isbn/9780836968118.json,uiuc.156585
580,"https://explorer-api.opensyllabus.org/v1/works/55207509623309.json
",https://catalog.hathitrust.org/api/volumes/full/isbn/9780198148357.json,mdp.39015010585399
581,"https://explorer-api.opensyllabus.org/v1/works/55207509623309.json
",https://catalog.hathitrust.org/api/volumes/full/isbn/9780198148357.json,mdp.39015066410633
582,"https://explorer-api.opensyllabus.org/v1/works/42356967476279.json
",https://catalog.hathitrust.org/api/volumes/full/isbn/9780674788107.json,uc1.b4929461
583,"https://explorer-api.opensyllabus.org/v1/works/50113678412361.json
",https://catalog.hathitrust.org/api/volumes/full/isbn/0943575338.json,inu.30000021379791
584,"https://explorer-api.opensyllabus.org/v1/works/47880295417542.json
",https://catalog.hathitrust.org/api/volumes/full/isbn/9780292752177.json,uc1.32106014244344
585,"https://explorer-api.opensyllabus.org/v1/works/8323647128042.json
",https://catalog.hathitrust.org/api/volumes/full/isbn/0416797105.json,mdp.39076006013804
586,"https://explorer-api.opensyllabus.org/v1/works/8323647128042.json
",https://catalog.hathitrust.org/api/volumes/full/isbn/0416797105.json,uc1.32106001259263
587,"https://explorer-api.opensyllabus.org/v1/works/33277406612181.json
",https://catalog.hathitrust.org/api/volumes/full/isbn/0416797105.json,mdp.39076006013804
588,"https://explorer-api.opensyllabus.org/v1/works/33277406612181.json
",https://catalog.hathitrust.org/api/volumes/full/isbn/0416797105.json,uc1.32106001259263
589,"https://explorer-api.opensyllabus.org/v1/works/36859409336069.json
",https://catalog.hathitrust.org/api/volumes/full/isbn/9788879490269.json,mdp.39015032835673
590,"https://explorer-api.opensyllabus.org/v1/works/45707041964889.json
",https://catalog.hathitrust.org/api/volumes/full/isbn/0801866529.json,mdp.39015050022857
591,"https://explorer-api.opensyllabus.org/v1/works/47768626267785.json
",https://catalog.hathitrust.org/api/volumes/full/isbn/0292740387.json,mdp.39015034035652
592,"https://explorer-api.opensyllabus.org/v1/works/8624294737161.json
",https://catalog.hathitrust.org/api/volumes/full/isbn/0198148992.json,uc1.32106009550408
