,osurl,subject
0,"https://explorer-api.opensyllabus.org/v1/works/33268816675126.json
",Bible.
1,"https://explorer-api.opensyllabus.org/v1/works/33268816675126.json
","Greek language, Biblical"
2,"https://explorer-api.opensyllabus.org/v1/works/7507602833481.json
",Aeneas (Legendary character)
3,"https://explorer-api.opensyllabus.org/v1/works/46858093201267.json
",Bible.
4,"https://explorer-api.opensyllabus.org/v1/works/46858093201267.json
","Greek language, Biblical"
5,"https://explorer-api.opensyllabus.org/v1/works/46858093201267.json
","Greek language, Biblical"
6,"https://explorer-api.opensyllabus.org/v1/works/49529562859473.json
",Bible.
7,"https://explorer-api.opensyllabus.org/v1/works/49529562859473.json
","Greek language, Biblical"
8,"https://explorer-api.opensyllabus.org/v1/works/61203283990307.json
","Greek language, Biblical"
9,"https://explorer-api.opensyllabus.org/v1/works/38706245272542.json
",Greek language
10,"https://explorer-api.opensyllabus.org/v1/works/7507602833418.json
",Agriculture
11,"https://explorer-api.opensyllabus.org/v1/works/7507602833418.json
","Didactic poetry, Greek"
12,"https://explorer-api.opensyllabus.org/v1/works/44513041055787.json
",English language
13,"https://explorer-api.opensyllabus.org/v1/works/44513041055787.json
",Latin language
14,"https://explorer-api.opensyllabus.org/v1/works/7507602833454.json
",Greece
15,"https://explorer-api.opensyllabus.org/v1/works/38706245274697.json
","Speeches, addresses, etc., Latin"
16,"https://explorer-api.opensyllabus.org/v1/works/33045478377342.json
","Art, Greek."
17,"https://explorer-api.opensyllabus.org/v1/works/33045478377342.json
",Greece
18,"https://explorer-api.opensyllabus.org/v1/works/7507602833448.json
",Dramatists
19,"https://explorer-api.opensyllabus.org/v1/works/7507602833448.json
",Playwriting
20,"https://explorer-api.opensyllabus.org/v1/works/7507602833448.json
",Dionysus (Greek deity)
21,"https://explorer-api.opensyllabus.org/v1/works/7507602833448.json
",Voyages to the otherworld
22,"https://explorer-api.opensyllabus.org/v1/works/7791071181465.json
",Translating and interpreting.
23,"https://explorer-api.opensyllabus.org/v1/works/54503134986582.json
","Gods, Greek."
24,"https://explorer-api.opensyllabus.org/v1/works/54503134986582.json
",Greece
25,"https://explorer-api.opensyllabus.org/v1/works/48241072671307.json
","Sculpture, Greek"
26,"https://explorer-api.opensyllabus.org/v1/works/7507602833486.json
",Incantations.
27,"https://explorer-api.opensyllabus.org/v1/works/7507602833487.json
",Women
28,"https://explorer-api.opensyllabus.org/v1/works/7507602833487.json
",Love-letters
29,"https://explorer-api.opensyllabus.org/v1/works/7507602833487.json
","Mythology, Classical"
30,"https://explorer-api.opensyllabus.org/v1/works/7507602833487.json
","Love poetry, Latin."
31,"https://explorer-api.opensyllabus.org/v1/works/7507602833487.json
","Epistolary poetry, Latin."
32,"https://explorer-api.opensyllabus.org/v1/works/7816841009583.json
",Sophocles
33,"https://explorer-api.opensyllabus.org/v1/works/7816841009583.json
",Oedipus (Greek mythology)
34,"https://explorer-api.opensyllabus.org/v1/works/7816841009583.json
",Antigone (Greek mythology)
35,"https://explorer-api.opensyllabus.org/v1/works/7816841009583.json
",Thebes (Greece)
36,"https://explorer-api.opensyllabus.org/v1/works/9053791567988.json
",Greek drama (Tragedy)
37,"https://explorer-api.opensyllabus.org/v1/works/9053791567988.json
",Theater
38,"https://explorer-api.opensyllabus.org/v1/works/47201690583352.json
",English language
39,"https://explorer-api.opensyllabus.org/v1/works/47201690583352.json
",Latin language
40,"https://explorer-api.opensyllabus.org/v1/works/51230369908294.json
","Greek language, Biblical"
41,"https://explorer-api.opensyllabus.org/v1/works/51230369908294.json
","Greek language, Biblical"
42,"https://explorer-api.opensyllabus.org/v1/works/49649821941864.json
",Greek language
43,"https://explorer-api.opensyllabus.org/v1/works/50242527428792.json
","Mythology, Greek."
44,"https://explorer-api.opensyllabus.org/v1/works/55851754718329.json
",Bible.
45,"https://explorer-api.opensyllabus.org/v1/works/34651796144195.json
",Daphnis (Greek mythology)
46,"https://explorer-api.opensyllabus.org/v1/works/49847390438018.json
","Sculpture, Greek."
47,"https://explorer-api.opensyllabus.org/v1/works/63084479709940.json
",Greek poetry
48,"https://explorer-api.opensyllabus.org/v1/works/63084479709940.json
","Epic poetry, Greek"
49,"https://explorer-api.opensyllabus.org/v1/works/44349832300615.json
",Social history
50,"https://explorer-api.opensyllabus.org/v1/works/44349832300615.json
",Social structure
51,"https://explorer-api.opensyllabus.org/v1/works/44349832300615.json
",Rome
52,"https://explorer-api.opensyllabus.org/v1/works/44349832300615.json
",Rome
53,"https://explorer-api.opensyllabus.org/v1/works/58591943854134.json
",Social history
54,"https://explorer-api.opensyllabus.org/v1/works/58591943854134.json
",Social structure
55,"https://explorer-api.opensyllabus.org/v1/works/58591943854134.json
",Rome
56,"https://explorer-api.opensyllabus.org/v1/works/58591943854134.json
",Rome
57,"https://explorer-api.opensyllabus.org/v1/works/8126078381584.json
",Social history
58,"https://explorer-api.opensyllabus.org/v1/works/8126078381584.json
",Social structure
59,"https://explorer-api.opensyllabus.org/v1/works/8126078381584.json
",Rome
60,"https://explorer-api.opensyllabus.org/v1/works/8126078381584.json
",Rome
61,"https://explorer-api.opensyllabus.org/v1/works/63084479665710.json
",Greek drama (Tragedy)
62,"https://explorer-api.opensyllabus.org/v1/works/63084479665710.json
",Greece
63,"https://explorer-api.opensyllabus.org/v1/works/43241730739007.json
",Scriptoria.
64,"https://explorer-api.opensyllabus.org/v1/works/43241730739007.json
",Transmission of texts.
65,"https://explorer-api.opensyllabus.org/v1/works/43241730739007.json
","Manuscripts, Medieval."
66,"https://explorer-api.opensyllabus.org/v1/works/43241730739007.json
","Manuscripts, Renaissance."
67,"https://explorer-api.opensyllabus.org/v1/works/43241730739007.json
",Learning and scholarship
68,"https://explorer-api.opensyllabus.org/v1/works/43241730739007.json
",Classical literature
69,"https://explorer-api.opensyllabus.org/v1/works/43241730739007.json
",Classical literature
70,"https://explorer-api.opensyllabus.org/v1/works/33054068312666.json
",Bible.
71,"https://explorer-api.opensyllabus.org/v1/works/33054068312666.json
",Bible.
72,"https://explorer-api.opensyllabus.org/v1/works/43997644983123.json
",Bible.
73,"https://explorer-api.opensyllabus.org/v1/works/43997644983123.json
",Bible.
74,"https://explorer-api.opensyllabus.org/v1/works/51419348468125.json
",Phallicism
75,"https://explorer-api.opensyllabus.org/v1/works/51419348468125.json
",Sex symbolism
76,"https://explorer-api.opensyllabus.org/v1/works/51419348468125.json
",Sex customs
77,"https://explorer-api.opensyllabus.org/v1/works/51419348468125.json
",Women
78,"https://explorer-api.opensyllabus.org/v1/works/51419348468125.json
",Greece
79,"https://explorer-api.opensyllabus.org/v1/works/51419348468125.json
",Athens (Greece)
80,"https://explorer-api.opensyllabus.org/v1/works/8211977638731.json
",Latin drama (Comedy)
81,"https://explorer-api.opensyllabus.org/v1/works/56083682953975.json
",Latin drama (Comedy)
82,"https://explorer-api.opensyllabus.org/v1/works/52458730555302.json
",Women
83,"https://explorer-api.opensyllabus.org/v1/works/52458730555302.json
",Women
84,"https://explorer-api.opensyllabus.org/v1/works/52458730555302.json
",Women
85,"https://explorer-api.opensyllabus.org/v1/works/7507602833430.json
",Electra (Greek mythology)
86,"https://explorer-api.opensyllabus.org/v1/works/40845138985675.json
",Greek drama
87,"https://explorer-api.opensyllabus.org/v1/works/40845138985675.json
",Theater
88,"https://explorer-api.opensyllabus.org/v1/works/40845138985675.json
",Athens (Greece)
89,"https://explorer-api.opensyllabus.org/v1/works/40845138985675.json
",Athens (Greece)
90,"https://explorer-api.opensyllabus.org/v1/works/54606214203969.json
",Greek drama (Tragedy)
91,"https://explorer-api.opensyllabus.org/v1/works/7997229599999.json
","Civilization, Ancient"
92,"https://explorer-api.opensyllabus.org/v1/works/7997229599999.json
",Theater
93,"https://explorer-api.opensyllabus.org/v1/works/7997229599999.json
",Theater
94,"https://explorer-api.opensyllabus.org/v1/works/7997229599999.json
",Classical drama
95,"https://explorer-api.opensyllabus.org/v1/works/73160472929989.json
",Bible.
96,"https://explorer-api.opensyllabus.org/v1/works/73160472929989.json
","Greek language, Biblical"
97,"https://explorer-api.opensyllabus.org/v1/works/8907762628042.json
","Odysseus,"
98,"https://explorer-api.opensyllabus.org/v1/works/8907762628042.json
","Epic poetry, Greek."
99,"https://explorer-api.opensyllabus.org/v1/works/50783693311029.json
",Excavations (Archaeology)
100,"https://explorer-api.opensyllabus.org/v1/works/50783693311029.json
",Greece
101,"https://explorer-api.opensyllabus.org/v1/works/55834574850633.json
",Aristotle.
102,"https://explorer-api.opensyllabus.org/v1/works/55834574850633.json
",Greek drama (Tragedy)
103,"https://explorer-api.opensyllabus.org/v1/works/7876970527987.json
",Myth.
104,"https://explorer-api.opensyllabus.org/v1/works/7876970527987.json
","Mythology, Greek."
105,"https://explorer-api.opensyllabus.org/v1/works/7876970527987.json
",Greece
106,"https://explorer-api.opensyllabus.org/v1/works/7876970527987.json
",Greece
107,"https://explorer-api.opensyllabus.org/v1/works/7507602833456.json
",Great books of the Western world
108,"https://explorer-api.opensyllabus.org/v1/works/7507602833456.json
",Philosophy
109,"https://explorer-api.opensyllabus.org/v1/works/50783693309901.json
",Women and literature
110,"https://explorer-api.opensyllabus.org/v1/works/50783693309901.json
",Gender identity in literature.
111,"https://explorer-api.opensyllabus.org/v1/works/50783693309901.json
",Literature and society
112,"https://explorer-api.opensyllabus.org/v1/works/50783693309901.json
",Women in literature.
113,"https://explorer-api.opensyllabus.org/v1/works/50783693309901.json
",Greek literature
114,"https://explorer-api.opensyllabus.org/v1/works/54382875904275.json
","Vases, Red-figured"
115,"https://explorer-api.opensyllabus.org/v1/works/48653389530921.json
",Latin literature
116,"https://explorer-api.opensyllabus.org/v1/works/48653389530921.json
",Rome
117,"https://explorer-api.opensyllabus.org/v1/works/48653389530921.json
",Rome
118,"https://explorer-api.opensyllabus.org/v1/works/49804440766785.json
",Bible.
119,"https://explorer-api.opensyllabus.org/v1/works/49804440766785.json
","Greek language, Biblical"
120,"https://explorer-api.opensyllabus.org/v1/works/35072702941801.json
",Bible.
121,"https://explorer-api.opensyllabus.org/v1/works/35072702941801.json
","Greek language, Biblical"
122,"https://explorer-api.opensyllabus.org/v1/works/43980465113674.json
",Bible.
123,"https://explorer-api.opensyllabus.org/v1/works/43980465113674.json
","Greek language, Biblical"
124,"https://explorer-api.opensyllabus.org/v1/works/58188216928169.json
",Homer
125,"https://explorer-api.opensyllabus.org/v1/works/58188216928169.json
","Epic poetry, Greek"
126,"https://explorer-api.opensyllabus.org/v1/works/48739288877471.json
",Families
127,"https://explorer-api.opensyllabus.org/v1/works/60816736935781.json
","Plautus, Titus Maccius"
128,"https://explorer-api.opensyllabus.org/v1/works/7894150059305.json
",Theater
129,"https://explorer-api.opensyllabus.org/v1/works/7894150059305.json
",Greek drama
130,"https://explorer-api.opensyllabus.org/v1/works/7894150059305.json
",Theater
131,"https://explorer-api.opensyllabus.org/v1/works/52278341928242.json
","Vase-painting, Greek"
132,"https://explorer-api.opensyllabus.org/v1/works/52278341928242.json
",Vases
133,"https://explorer-api.opensyllabus.org/v1/works/52278341928242.json
","Pottery, Greek"
134,"https://explorer-api.opensyllabus.org/v1/works/7980049744886.json
",Euripides
135,"https://explorer-api.opensyllabus.org/v1/works/7980049744886.json
",Euripides
136,"https://explorer-api.opensyllabus.org/v1/works/7980049744886.json
",Sex in literature.
137,"https://explorer-api.opensyllabus.org/v1/works/7980049744886.json
",Women in literature.
138,"https://explorer-api.opensyllabus.org/v1/works/46093589023471.json
",Bible.
139,"https://explorer-api.opensyllabus.org/v1/works/46093589023471.json
","Greek language, Biblical"
140,"https://explorer-api.opensyllabus.org/v1/works/7507602833425.json
",Aeschylus
141,"https://explorer-api.opensyllabus.org/v1/works/52596169507272.json
",Ostia (Italy)
142,"https://explorer-api.opensyllabus.org/v1/works/54692113550406.json
",Editing.
143,"https://explorer-api.opensyllabus.org/v1/works/54692113550406.json
",Classical literature
144,"https://explorer-api.opensyllabus.org/v1/works/7988639178841.json
","Greek language, Modern"
145,"https://explorer-api.opensyllabus.org/v1/works/7988639178841.json
","Greek language, Medieval and late"
146,"https://explorer-api.opensyllabus.org/v1/works/7988639178841.json
",Greek language
147,"https://explorer-api.opensyllabus.org/v1/works/7988639178841.json
",Greece
148,"https://explorer-api.opensyllabus.org/v1/works/50483045599830.json
",Children
149,"https://explorer-api.opensyllabus.org/v1/works/50483045599830.json
",Divorce
150,"https://explorer-api.opensyllabus.org/v1/works/50483045599830.json
",Marriage
151,"https://explorer-api.opensyllabus.org/v1/works/50483045599830.json
",Families
152,"https://explorer-api.opensyllabus.org/v1/works/8074539026137.json
",Discourse analysis.
153,"https://explorer-api.opensyllabus.org/v1/works/8074539026137.json
",Translating and interpreting.
154,"https://explorer-api.opensyllabus.org/v1/works/7988639699494.json
",Report writing.
155,"https://explorer-api.opensyllabus.org/v1/works/7988639699494.json
","Dissertations, Academic."
156,"https://explorer-api.opensyllabus.org/v1/works/34952443856685.json
",Hesiod
157,"https://explorer-api.opensyllabus.org/v1/works/34952443856685.json
","Gods, Greek"
158,"https://explorer-api.opensyllabus.org/v1/works/34952443856685.json
",Agriculture
159,"https://explorer-api.opensyllabus.org/v1/works/34952443856685.json
",Heracles (Greek mythology)
160,"https://explorer-api.opensyllabus.org/v1/works/34952443856685.json
","Didactic poetry, Greek"
161,"https://explorer-api.opensyllabus.org/v1/works/34952443856685.json
","Religious poetry, Greek"
162,"https://explorer-api.opensyllabus.org/v1/works/8890582762232.json
",Hesiod
163,"https://explorer-api.opensyllabus.org/v1/works/8890582762232.json
","Gods, Greek"
164,"https://explorer-api.opensyllabus.org/v1/works/8890582762232.json
",Agriculture
165,"https://explorer-api.opensyllabus.org/v1/works/8890582762232.json
",Heracles (Greek mythology)
166,"https://explorer-api.opensyllabus.org/v1/works/8890582762232.json
","Didactic poetry, Greek"
167,"https://explorer-api.opensyllabus.org/v1/works/8890582762232.json
","Religious poetry, Greek"
168,"https://explorer-api.opensyllabus.org/v1/works/47485158424815.json
",Euripides
169,"https://explorer-api.opensyllabus.org/v1/works/47485158424815.json
",Women
170,"https://explorer-api.opensyllabus.org/v1/works/47485158424815.json
",Women and literature
171,"https://explorer-api.opensyllabus.org/v1/works/47485158424815.json
",Feminism and literature
172,"https://explorer-api.opensyllabus.org/v1/works/47485158424815.json
","Mythology, Greek, in literature."
173,"https://explorer-api.opensyllabus.org/v1/works/47485158424815.json
",Greek drama (Tragedy)
174,"https://explorer-api.opensyllabus.org/v1/works/48825188221164.json
",Rome
175,"https://explorer-api.opensyllabus.org/v1/works/8280697416562.json
",Language and languages.
176,"https://explorer-api.opensyllabus.org/v1/works/8280697416562.json
",Translating and interpreting
177,"https://explorer-api.opensyllabus.org/v1/works/54872502174251.json
","Greek language, Biblical"
178,"https://explorer-api.opensyllabus.org/v1/works/46712064312315.json
",Sex
179,"https://explorer-api.opensyllabus.org/v1/works/46712064312315.json
",Greek language
180,"https://explorer-api.opensyllabus.org/v1/works/46712064312315.json
",Greek drama (Comedy)
181,"https://explorer-api.opensyllabus.org/v1/works/43868795963664.json
",Greek language
182,"https://explorer-api.opensyllabus.org/v1/works/55070070669526.json
",Electra in literature.
183,"https://explorer-api.opensyllabus.org/v1/works/55070070669526.json
",Greek drama (Tragedy)
184,"https://explorer-api.opensyllabus.org/v1/works/55070070669526.json
",Theater
185,"https://explorer-api.opensyllabus.org/v1/works/62362925169630.json
",Sophocles
186,"https://explorer-api.opensyllabus.org/v1/works/62362925169630.json
",Oedipus (Greek mythology)
187,"https://explorer-api.opensyllabus.org/v1/works/62362925169630.json
",Antigone (Greek mythology)
188,"https://explorer-api.opensyllabus.org/v1/works/62362925169630.json
",Thebes (Greece)
189,"https://explorer-api.opensyllabus.org/v1/works/52613349376151.json
",Sophocles
190,"https://explorer-api.opensyllabus.org/v1/works/8813273395212.json
",Exiles
191,"https://explorer-api.opensyllabus.org/v1/works/8813273395212.json
","Epistolary poetry, Latin"
192,"https://explorer-api.opensyllabus.org/v1/works/35802847379639.json
","Civilization, Homeric"
193,"https://explorer-api.opensyllabus.org/v1/works/37417755083035.json
",Greece
194,"https://explorer-api.opensyllabus.org/v1/works/37185826851670.json
",Greek language
195,"https://explorer-api.opensyllabus.org/v1/works/54984171325947.json
",Greek language
196,"https://explorer-api.opensyllabus.org/v1/works/37933151158299.json
","Civilization, Classical."
197,"https://explorer-api.opensyllabus.org/v1/works/37933151158299.json
",Art patronage
198,"https://explorer-api.opensyllabus.org/v1/works/37933151158299.json
","Art, Classical."
199,"https://explorer-api.opensyllabus.org/v1/works/37933151158299.json
","Art, Roman."
200,"https://explorer-api.opensyllabus.org/v1/works/37933151158299.json
",Italy
201,"https://explorer-api.opensyllabus.org/v1/works/37933151158299.json
",Rome
202,"https://explorer-api.opensyllabus.org/v1/works/37933151158299.json
",Rome
203,"https://explorer-api.opensyllabus.org/v1/works/48326972015559.json
",Sophocles.
204,"https://explorer-api.opensyllabus.org/v1/works/48326972015559.json
",Tragedy.
205,"https://explorer-api.opensyllabus.org/v1/works/48326972015559.json
",Heroes in literature.
206,"https://explorer-api.opensyllabus.org/v1/works/48326972015559.json
","Knowledge, Theory of, in literature."
207,"https://explorer-api.opensyllabus.org/v1/works/48326972015559.json
",Oedipus (Greek mythology) in literature.
208,"https://explorer-api.opensyllabus.org/v1/works/65274913018917.json
",Architecture
209,"https://explorer-api.opensyllabus.org/v1/works/54004918781237.json
",Translating and interpreting.
210,"https://explorer-api.opensyllabus.org/v1/works/56994216018834.json
",Translating and interpreting.
211,"https://explorer-api.opensyllabus.org/v1/works/34772055231148.json
","Art, Roman"
212,"https://explorer-api.opensyllabus.org/v1/works/49392123906900.json
","Art, Greek"
213,"https://explorer-api.opensyllabus.org/v1/works/8529805294621.json
",Sophocles
214,"https://explorer-api.opensyllabus.org/v1/works/8529805294621.json
",Sophocles.
215,"https://explorer-api.opensyllabus.org/v1/works/8529805294621.json
",Antigone (Greek mythology) in art
216,"https://explorer-api.opensyllabus.org/v1/works/8529805294621.json
",Antigone (Greek mythology) in literature
217,"https://explorer-api.opensyllabus.org/v1/works/61538291466609.json
",Greek language
218,"https://explorer-api.opensyllabus.org/v1/works/56882546869638.json
",Sophocles.
219,"https://explorer-api.opensyllabus.org/v1/works/56882546869638.json
",Sophocles.
220,"https://explorer-api.opensyllabus.org/v1/works/56882546869638.json
",Sophocles.
221,"https://explorer-api.opensyllabus.org/v1/works/56882546869638.json
",Tragedy.
222,"https://explorer-api.opensyllabus.org/v1/works/56882546869638.json
",Prophecies in literature.
223,"https://explorer-api.opensyllabus.org/v1/works/56882546869638.json
",Antigone (Greek mythology) in literature.
224,"https://explorer-api.opensyllabus.org/v1/works/56882546869638.json
",Oedipus (Greek mythology) in literature.
225,"https://explorer-api.opensyllabus.org/v1/works/56882546869638.json
",Thebes (Greece)
226,"https://explorer-api.opensyllabus.org/v1/works/8753143856708.json
","Architecture, Roman"
227,"https://explorer-api.opensyllabus.org/v1/works/8753143856708.json
",Architecture
228,"https://explorer-api.opensyllabus.org/v1/works/8186208177070.json
",Greek drama (Tragedy)
229,"https://explorer-api.opensyllabus.org/v1/works/8186208177070.json
",Theater
230,"https://explorer-api.opensyllabus.org/v1/works/48876727830052.json
",Politics and culture
231,"https://explorer-api.opensyllabus.org/v1/works/48876727830052.json
",City planning
232,"https://explorer-api.opensyllabus.org/v1/works/48876727830052.json
",Cities and towns
233,"https://explorer-api.opensyllabus.org/v1/works/48876727830052.json
",Pompeii (Extinct city)
234,"https://explorer-api.opensyllabus.org/v1/works/48876727830052.json
",Pompeii (Extinct city)
235,"https://explorer-api.opensyllabus.org/v1/works/51702816312161.json
",Greece
236,"https://explorer-api.opensyllabus.org/v1/works/51702816312161.json
",Athens (Greece)
237,"https://explorer-api.opensyllabus.org/v1/works/7507602833451.json
",Greek drama (Comedy)
238,"https://explorer-api.opensyllabus.org/v1/works/49855980372717.json
",Aristophanes
239,"https://explorer-api.opensyllabus.org/v1/works/49855980372717.json
",Comedy
240,"https://explorer-api.opensyllabus.org/v1/works/47141561041389.json
",Aristophanes
241,"https://explorer-api.opensyllabus.org/v1/works/47141561041389.json
",Comedy.
242,"https://explorer-api.opensyllabus.org/v1/works/47141561041389.json
",Intertextuality.
243,"https://explorer-api.opensyllabus.org/v1/works/47141561041389.json
",Drama
244,"https://explorer-api.opensyllabus.org/v1/works/47141561041389.json
",Social problems in literature.
245,"https://explorer-api.opensyllabus.org/v1/works/47141561041389.json
",Literature and society
246,"https://explorer-api.opensyllabus.org/v1/works/47141561041389.json
",Athens (Greece)
247,"https://explorer-api.opensyllabus.org/v1/works/7507602833975.json
",Philosophy.
248,"https://explorer-api.opensyllabus.org/v1/works/55542517072484.json
",Greek drama
249,"https://explorer-api.opensyllabus.org/v1/works/55542517072484.json
",Theater
250,"https://explorer-api.opensyllabus.org/v1/works/7808250713126.json
",Homer.
251,"https://explorer-api.opensyllabus.org/v1/works/7808250713126.json
",Odysseus (Greek mythology) in literature.
252,"https://explorer-api.opensyllabus.org/v1/works/51805895526736.json
",Art patronage
253,"https://explorer-api.opensyllabus.org/v1/works/51805895526736.json
","Art, Roman."
254,"https://explorer-api.opensyllabus.org/v1/works/53369263620136.json
",Homer.
255,"https://explorer-api.opensyllabus.org/v1/works/53369263620136.json
",Trojan War in literature.
256,"https://explorer-api.opensyllabus.org/v1/works/53369263620136.json
",Achilles (Greek mythology) in literature.
257,"https://explorer-api.opensyllabus.org/v1/works/8005819207382.json
",Poetics.
258,"https://explorer-api.opensyllabus.org/v1/works/8005819207382.json
",Poets in literature.
259,"https://explorer-api.opensyllabus.org/v1/works/8005819207382.json
",Poetry in literature.
260,"https://explorer-api.opensyllabus.org/v1/works/8005819207382.json
",Greek literature
261,"https://explorer-api.opensyllabus.org/v1/works/45681272163282.json
","Civilization, Classical"
262,"https://explorer-api.opensyllabus.org/v1/works/61357902814238.json
","Catiline,"
263,"https://explorer-api.opensyllabus.org/v1/works/61357902814238.json
",Rome
264,"https://explorer-api.opensyllabus.org/v1/works/9113920769122.json
",Sex and law
265,"https://explorer-api.opensyllabus.org/v1/works/9113920769122.json
",Sexual ethics
266,"https://explorer-api.opensyllabus.org/v1/works/8031589088352.json
",Aristophanes
267,"https://explorer-api.opensyllabus.org/v1/works/8031589088352.json
",Comedy.
268,"https://explorer-api.opensyllabus.org/v1/works/8031589088352.json
",Greek drama (Comedy)
269,"https://explorer-api.opensyllabus.org/v1/works/49709951484203.json
","Mythology, Greek."
270,"https://explorer-api.opensyllabus.org/v1/works/37993280702392.json
",Greece
271,"https://explorer-api.opensyllabus.org/v1/works/37993280702392.json
",Greece
272,"https://explorer-api.opensyllabus.org/v1/works/33457795238767.json
",Rome
273,"https://explorer-api.opensyllabus.org/v1/works/8031589099972.json
",Electra (Greek mythology)
274,"https://explorer-api.opensyllabus.org/v1/works/51135880628345.json
",Homer.
275,"https://explorer-api.opensyllabus.org/v1/works/51135880628345.json
",Achilles (Greek mythology) in literature.
276,"https://explorer-api.opensyllabus.org/v1/works/51135880628345.json
",Trojan War in literature.
277,"https://explorer-api.opensyllabus.org/v1/works/48627619727952.json
","Art, Greek"
278,"https://explorer-api.opensyllabus.org/v1/works/48627619727952.json
",Women
279,"https://explorer-api.opensyllabus.org/v1/works/48627619727952.json
",Women in art
280,"https://explorer-api.opensyllabus.org/v1/works/48627619727952.json
",Women in mythology.
281,"https://explorer-api.opensyllabus.org/v1/works/50611894618041.json
",Sophocles
282,"https://explorer-api.opensyllabus.org/v1/works/50611894618041.json
",Sophocles
283,"https://explorer-api.opensyllabus.org/v1/works/50611894618041.json
",Characters and characteristics in literature.
284,"https://explorer-api.opensyllabus.org/v1/works/50611894618041.json
",Drama
285,"https://explorer-api.opensyllabus.org/v1/works/8761733793390.json
",Discourse analysis.
286,"https://explorer-api.opensyllabus.org/v1/works/8761733793390.json
",Translating and interpreting.
287,"https://explorer-api.opensyllabus.org/v1/works/52725018527857.json
",Sacred space
288,"https://explorer-api.opensyllabus.org/v1/works/52725018527857.json
",Shrines
289,"https://explorer-api.opensyllabus.org/v1/works/52725018527857.json
",Greece
290,"https://explorer-api.opensyllabus.org/v1/works/55310588839422.json
",Greek drama (Tragedy)
291,"https://explorer-api.opensyllabus.org/v1/works/7602092333425.json
",Translating and interpreting
292,"https://explorer-api.opensyllabus.org/v1/works/50302656971058.json
","Art, Classical."
293,"https://explorer-api.opensyllabus.org/v1/works/49632642075073.json
",Latin literature
294,"https://explorer-api.opensyllabus.org/v1/works/49632642075073.json
",Rome
295,"https://explorer-api.opensyllabus.org/v1/works/8658654571620.json
","Mythology, Greek"
296,"https://explorer-api.opensyllabus.org/v1/works/47382079210797.json
",Historicism
297,"https://explorer-api.opensyllabus.org/v1/works/47382079210797.json
",Literature and history
298,"https://explorer-api.opensyllabus.org/v1/works/47382079210797.json
",Greek drama (Tragedy)
299,"https://explorer-api.opensyllabus.org/v1/works/47382079210797.json
",Greece
300,"https://explorer-api.opensyllabus.org/v1/works/47382079210797.json
",Athens (Greece)
301,"https://explorer-api.opensyllabus.org/v1/works/8924942545112.json
",Translating and interpreting
302,"https://explorer-api.opensyllabus.org/v1/works/8924942545112.json
",Translating and interpreting.
303,"https://explorer-api.opensyllabus.org/v1/works/46050639348607.json
",Women
304,"https://explorer-api.opensyllabus.org/v1/works/46050639348607.json
",Women
305,"https://explorer-api.opensyllabus.org/v1/works/46050639348607.json
",Women
306,"https://explorer-api.opensyllabus.org/v1/works/51926154608873.json
",Symposium (Classical Greek drinking party)
307,"https://explorer-api.opensyllabus.org/v1/works/57569741637272.json
","Love poetry, Latin"
308,"https://explorer-api.opensyllabus.org/v1/works/57569741637272.json
",Rome
309,"https://explorer-api.opensyllabus.org/v1/works/52235392255465.json
",Social problems in literature.
310,"https://explorer-api.opensyllabus.org/v1/works/52235392255465.json
",Literature and society
311,"https://explorer-api.opensyllabus.org/v1/works/52235392255465.json
",Politics and literature
312,"https://explorer-api.opensyllabus.org/v1/works/52235392255465.json
","Political plays, Greek"
313,"https://explorer-api.opensyllabus.org/v1/works/52235392255465.json
",Greek drama (Comedy)
314,"https://explorer-api.opensyllabus.org/v1/works/7507602833423.json
",Seven against Thebes (Greek mythology)
315,"https://explorer-api.opensyllabus.org/v1/works/35639638624276.json
",Mythology.
316,"https://explorer-api.opensyllabus.org/v1/works/35639638624276.json
","Magic, Roman."
317,"https://explorer-api.opensyllabus.org/v1/works/35639638624276.json
","Magic, Greek."
318,"https://explorer-api.opensyllabus.org/v1/works/8778913612611.json
",Mythology.
319,"https://explorer-api.opensyllabus.org/v1/works/8778913612611.json
","Magic, Roman."
320,"https://explorer-api.opensyllabus.org/v1/works/8778913612611.json
","Magic, Greek."
321,"https://explorer-api.opensyllabus.org/v1/works/25640954757125.json
","Claudius,"
322,"https://explorer-api.opensyllabus.org/v1/works/25640954757125.json
","Satire, Latin"
323,"https://explorer-api.opensyllabus.org/v1/works/75548474737315.json
","Claudius,"
324,"https://explorer-api.opensyllabus.org/v1/works/75548474737315.json
","Satire, Latin"
325,"https://explorer-api.opensyllabus.org/v1/works/8418136409610.json
",Language and culture.
326,"https://explorer-api.opensyllabus.org/v1/works/8418136409610.json
",Translating and interpreting.
327,"https://explorer-api.opensyllabus.org/v1/works/55310588840215.json
","Parthenon (Athens, Greece)"
328,"https://explorer-api.opensyllabus.org/v1/works/55310588840215.json
",Festivals
329,"https://explorer-api.opensyllabus.org/v1/works/55310588840215.json
","Arts, Greek."
330,"https://explorer-api.opensyllabus.org/v1/works/55310588840215.json
",Panathenaia
331,"https://explorer-api.opensyllabus.org/v1/works/55310588840215.json
",Athens (Greece)
332,"https://explorer-api.opensyllabus.org/v1/works/54649163876491.json
","Mythology, Greek."
333,"https://explorer-api.opensyllabus.org/v1/works/54125177864428.json
",Aeschylus
334,"https://explorer-api.opensyllabus.org/v1/works/7636452108668.json
","Seneca, Lucius Annaeus,"
335,"https://explorer-api.opensyllabus.org/v1/works/33595234190957.json
",Classical literature
336,"https://explorer-api.opensyllabus.org/v1/works/64089502003809.json
",Classical literature
337,"https://explorer-api.opensyllabus.org/v1/works/47914655155646.json
",Translating and interpreting.
338,"https://explorer-api.opensyllabus.org/v1/works/33706903341157.json
",Translating and interpreting.
339,"https://explorer-api.opensyllabus.org/v1/works/46858093202177.json
",Rome
340,"https://explorer-api.opensyllabus.org/v1/works/46858093202177.json
",Rome
341,"https://explorer-api.opensyllabus.org/v1/works/46858093202177.json
",Rome
342,"https://explorer-api.opensyllabus.org/v1/works/47777216203226.json
",Sex in art.
343,"https://explorer-api.opensyllabus.org/v1/works/47777216203226.json
","Art, Classical."
344,"https://explorer-api.opensyllabus.org/v1/works/47777216203226.json
","Art, Ancient."
345,"https://explorer-api.opensyllabus.org/v1/works/48816598288708.json
",Funeral rites and ceremonies
346,"https://explorer-api.opensyllabus.org/v1/works/48816598288708.json
",Death.
347,"https://explorer-api.opensyllabus.org/v1/works/48816598288708.json
",Women
348,"https://explorer-api.opensyllabus.org/v1/works/48816598288708.json
",Families
349,"https://explorer-api.opensyllabus.org/v1/works/48816598288708.json
",Greece
350,"https://explorer-api.opensyllabus.org/v1/works/48816598288708.json
",Greece
351,"https://explorer-api.opensyllabus.org/v1/works/7816840987223.json
",Greece
352,"https://explorer-api.opensyllabus.org/v1/works/7816840987223.json
",Greece
353,"https://explorer-api.opensyllabus.org/v1/works/7816840987223.json
",Greece
354,"https://explorer-api.opensyllabus.org/v1/works/7816840987223.json
",Greece
355,"https://explorer-api.opensyllabus.org/v1/works/49417893708349.json
","Vase-painting, Greek."
356,"https://explorer-api.opensyllabus.org/v1/works/49417893708349.json
","Sculpture, Greek."
357,"https://explorer-api.opensyllabus.org/v1/works/48550310314800.json
",Literary form
358,"https://explorer-api.opensyllabus.org/v1/works/48550310314800.json
","Rhetoric, Ancient"
359,"https://explorer-api.opensyllabus.org/v1/works/48550310314800.json
",Classical fiction
360,"https://explorer-api.opensyllabus.org/v1/works/9062381504355.json
",Classical fiction
361,"https://explorer-api.opensyllabus.org/v1/works/39960375724419.json
",Classical fiction
362,"https://explorer-api.opensyllabus.org/v1/works/45131516347559.json
",Greece
363,"https://explorer-api.opensyllabus.org/v1/works/45131516347559.json
",Greece
364,"https://explorer-api.opensyllabus.org/v1/works/59382217836218.json
",Euripides
365,"https://explorer-api.opensyllabus.org/v1/works/47854525615001.json
",Translating and interpreting
366,"https://explorer-api.opensyllabus.org/v1/works/49280454754314.json
",Homer.
367,"https://explorer-api.opensyllabus.org/v1/works/48515950578103.json
",Homer.
368,"https://explorer-api.opensyllabus.org/v1/works/52381421144750.json
","Vase-painting, Greek."
369,"https://explorer-api.opensyllabus.org/v1/works/52381421144750.json
","Mythology, Greek, in art."
370,"https://explorer-api.opensyllabus.org/v1/works/52381421144750.json
",Trojan War in art.
371,"https://explorer-api.opensyllabus.org/v1/works/49615462206401.json
",Greek drama
372,"https://explorer-api.opensyllabus.org/v1/works/49615462206401.json
",Theater and society
373,"https://explorer-api.opensyllabus.org/v1/works/8727373791375.json
",Dramatists
374,"https://explorer-api.opensyllabus.org/v1/works/8727373791375.json
",Playwriting
375,"https://explorer-api.opensyllabus.org/v1/works/8727373791375.json
",Dionysus (Greek deity)
376,"https://explorer-api.opensyllabus.org/v1/works/8727373791375.json
",Voyages to the otherworld
377,"https://explorer-api.opensyllabus.org/v1/works/49804440767325.json
",Homer
378,"https://explorer-api.opensyllabus.org/v1/works/49804440767325.json
",Homer.
379,"https://explorer-api.opensyllabus.org/v1/works/49804440767325.json
",Achilles (Greek mythology) in literature.
380,"https://explorer-api.opensyllabus.org/v1/works/49804440767325.json
",Trojan War in literature.
381,"https://explorer-api.opensyllabus.org/v1/works/49804440767325.json
","Rhetoric, Ancient."
382,"https://explorer-api.opensyllabus.org/v1/works/8048768880597.json
",Aeschylus.
383,"https://explorer-api.opensyllabus.org/v1/works/56745107917401.json
","Greek language, Biblical"
384,"https://explorer-api.opensyllabus.org/v1/works/56375740727386.json
","Greek language, Biblical"
385,"https://explorer-api.opensyllabus.org/v1/works/49581102467480.json
","Greek language, Biblical"
386,"https://explorer-api.opensyllabus.org/v1/works/49581102467480.json
","Greek language, Biblical"
387,"https://explorer-api.opensyllabus.org/v1/works/53781580482240.json
","Arts, Greek"
388,"https://explorer-api.opensyllabus.org/v1/works/53781580482240.json
",Greece
389,"https://explorer-api.opensyllabus.org/v1/works/52243982188816.json
","Civilization, Classical."
390,"https://explorer-api.opensyllabus.org/v1/works/52243982188816.json
",Dinners and dining
391,"https://explorer-api.opensyllabus.org/v1/works/52243982188816.json
",Dinners and dining
392,"https://explorer-api.opensyllabus.org/v1/works/52243982188816.json
",Dinners and dining in literature.
393,"https://explorer-api.opensyllabus.org/v1/works/52243982188816.json
",Classical literature
394,"https://explorer-api.opensyllabus.org/v1/works/52243982188816.json
",Rome
395,"https://explorer-api.opensyllabus.org/v1/works/52243982188816.json
",Greece
396,"https://explorer-api.opensyllabus.org/v1/works/51797305591085.json
","Parthenon (Athens, Greece)"
397,"https://explorer-api.opensyllabus.org/v1/works/51797305591085.json
","Sculpture, Greek"
398,"https://explorer-api.opensyllabus.org/v1/works/50706383896914.json
","Pottery, Greek."
399,"https://explorer-api.opensyllabus.org/v1/works/54915451848197.json
",Religion in literature.
400,"https://explorer-api.opensyllabus.org/v1/works/54915451848197.json
","Gods, Greek, in literature."
401,"https://explorer-api.opensyllabus.org/v1/works/54915451848197.json
",Greek drama (Tragedy)
402,"https://explorer-api.opensyllabus.org/v1/works/7559142944049.json
",Germanic peoples.
403,"https://explorer-api.opensyllabus.org/v1/works/8607114965820.json
","Pharsalus, Battle of, Farsala, Greece, 48 B.C."
404,"https://explorer-api.opensyllabus.org/v1/works/8607114965820.json
",Rome
405,"https://explorer-api.opensyllabus.org/v1/works/51659866637767.json
","Gods, Roman, in literature."
406,"https://explorer-api.opensyllabus.org/v1/works/51659866637767.json
","Gods, Greek, in literature."
407,"https://explorer-api.opensyllabus.org/v1/works/51659866637767.json
","Epic poetry, Classical"
408,"https://explorer-api.opensyllabus.org/v1/works/51659866637767.json
","Epic poetry, Classical"
409,"https://explorer-api.opensyllabus.org/v1/works/51307679320341.json
","Latin language, Medieval and modern"
410,"https://explorer-api.opensyllabus.org/v1/works/51307679320341.json
","Latin philology, Medieval and modern"
411,"https://explorer-api.opensyllabus.org/v1/works/51307679320341.json
","Latin language, Medieval and modern"
412,"https://explorer-api.opensyllabus.org/v1/works/51307679320341.json
","Latin philology, Medieval and modern"
413,"https://explorer-api.opensyllabus.org/v1/works/46291157517295.json
",Italy
414,"https://explorer-api.opensyllabus.org/v1/works/46291157517295.json
",Italy
415,"https://explorer-api.opensyllabus.org/v1/works/53180285061328.json
",Euripides
416,"https://explorer-api.opensyllabus.org/v1/works/7610682306148.json
","Nero,"
417,"https://explorer-api.opensyllabus.org/v1/works/7610682306148.json
",Emperors
418,"https://explorer-api.opensyllabus.org/v1/works/7610682306148.json
",Rome
419,"https://explorer-api.opensyllabus.org/v1/works/8057358904342.json
",Women
420,"https://explorer-api.opensyllabus.org/v1/works/8057358904342.json
",Seven against Thebes (Greek mythology)
421,"https://explorer-api.opensyllabus.org/v1/works/8057358904342.json
",Thebes (Greece)
422,"https://explorer-api.opensyllabus.org/v1/works/55559696941407.json
",Families
423,"https://explorer-api.opensyllabus.org/v1/works/41283225651411.json
",Terence
424,"https://explorer-api.opensyllabus.org/v1/works/41283225651411.json
","Plautus, Titus Maccius"
425,"https://explorer-api.opensyllabus.org/v1/works/41283225651411.json
","Menander,"
426,"https://explorer-api.opensyllabus.org/v1/works/41283225651411.json
",Classical drama (Comedy)
427,"https://explorer-api.opensyllabus.org/v1/works/51994874085678.json
",Apuleius.
428,"https://explorer-api.opensyllabus.org/v1/works/51994874085678.json
",Petronius Arbiter.
429,"https://explorer-api.opensyllabus.org/v1/works/51994874085678.json
","Rhetoric, Ancient."
430,"https://explorer-api.opensyllabus.org/v1/works/51994874085678.json
",Literature and history
431,"https://explorer-api.opensyllabus.org/v1/works/51994874085678.json
",Latin fiction
432,"https://explorer-api.opensyllabus.org/v1/works/8418136149500.json
",Apuleius.
433,"https://explorer-api.opensyllabus.org/v1/works/8418136149500.json
",Petronius Arbiter.
434,"https://explorer-api.opensyllabus.org/v1/works/8418136149500.json
","Rhetoric, Ancient."
435,"https://explorer-api.opensyllabus.org/v1/works/8418136149500.json
",Literature and history
436,"https://explorer-api.opensyllabus.org/v1/works/8418136149500.json
",Latin fiction
437,"https://explorer-api.opensyllabus.org/v1/works/7507602833439.json
",Orestes (Greek mythology)
438,"https://explorer-api.opensyllabus.org/v1/works/7876970277338.json
","Plautus, Titus Maccius."
439,"https://explorer-api.opensyllabus.org/v1/works/7876970277338.json
",Soldiers
440,"https://explorer-api.opensyllabus.org/v1/works/47141561041366.json
",Hellenism.
441,"https://explorer-api.opensyllabus.org/v1/works/47141561041366.json
",Greece
442,"https://explorer-api.opensyllabus.org/v1/works/8942122413205.json
",Achilles Tatius.
443,"https://explorer-api.opensyllabus.org/v1/works/8942122413205.json
","Romance fiction, Greek"
444,"https://explorer-api.opensyllabus.org/v1/works/39573828666208.json
",Water-supply engineering
445,"https://explorer-api.opensyllabus.org/v1/works/39573828666208.json
",Aqueducts
446,"https://explorer-api.opensyllabus.org/v1/works/65584150647178.json
","Art, Classical"
447,"https://explorer-api.opensyllabus.org/v1/works/65584150647178.json
","Art, Classical"
448,"https://explorer-api.opensyllabus.org/v1/works/58445914965118.json
",Human figure in art
449,"https://explorer-api.opensyllabus.org/v1/works/58445914965118.json
","Sculpture, Greek"
450,"https://explorer-api.opensyllabus.org/v1/works/34041910788805.json
",Human figure in art
451,"https://explorer-api.opensyllabus.org/v1/works/34041910788805.json
","Sculpture, Greek"
452,"https://explorer-api.opensyllabus.org/v1/works/48430051230953.json
",Bible
453,"https://explorer-api.opensyllabus.org/v1/works/48430051230953.json
","Greek language, Biblical."
454,"https://explorer-api.opensyllabus.org/v1/works/48430051230953.json
",Hebrew language.
455,"https://explorer-api.opensyllabus.org/v1/works/51161650431752.json
",Bible
456,"https://explorer-api.opensyllabus.org/v1/works/51161650431752.json
","Greek language, Biblical."
457,"https://explorer-api.opensyllabus.org/v1/works/51161650431752.json
",Hebrew language.
458,"https://explorer-api.opensyllabus.org/v1/works/40853728921889.json
",Great Britain
459,"https://explorer-api.opensyllabus.org/v1/works/40853728921889.json
",Great Britain
460,"https://explorer-api.opensyllabus.org/v1/works/50027779064836.json
",Bible.
461,"https://explorer-api.opensyllabus.org/v1/works/50027779064836.json
","Greek language, Biblical"
462,"https://explorer-api.opensyllabus.org/v1/works/8976482180431.json
",Latin drama (Comedy)
463,"https://explorer-api.opensyllabus.org/v1/works/52226802321917.json
",Sophocles.
464,"https://explorer-api.opensyllabus.org/v1/works/52226802321917.json
",Tragedy
465,"https://explorer-api.opensyllabus.org/v1/works/52226802321917.json
",Greek drama (Tragedy)
466,"https://explorer-api.opensyllabus.org/v1/works/57269093926889.json
",Latin language
467,"https://explorer-api.opensyllabus.org/v1/works/8014409116728.json
",Latin language
468,"https://explorer-api.opensyllabus.org/v1/works/62002147893933.json
",Helen of Troy (Greek mythology)
469,"https://explorer-api.opensyllabus.org/v1/works/8031589100073.json
",Rome
470,"https://explorer-api.opensyllabus.org/v1/works/54924041782012.json
",Bible.
471,"https://explorer-api.opensyllabus.org/v1/works/54924041782012.json
","Greek language, Biblical"
472,"https://explorer-api.opensyllabus.org/v1/works/8950712288751.json
",Literature
473,"https://explorer-api.opensyllabus.org/v1/works/8950712288751.json
",Translating and interpreting
474,"https://explorer-api.opensyllabus.org/v1/works/36971078484306.json
",Art and state
475,"https://explorer-api.opensyllabus.org/v1/works/36971078484306.json
","Art, Roman."
476,"https://explorer-api.opensyllabus.org/v1/works/51410758535242.json
",Greek drama (Tragedy)
477,"https://explorer-api.opensyllabus.org/v1/works/48962627175727.json
",Aristophanes
478,"https://explorer-api.opensyllabus.org/v1/works/48962627175727.json
",Greek drama (Comedy)
479,"https://explorer-api.opensyllabus.org/v1/works/48962627175727.json
",Greece
480,"https://explorer-api.opensyllabus.org/v1/works/44349832298852.json
","Vases, Greek."
481,"https://explorer-api.opensyllabus.org/v1/works/44349832298852.json
","Vase-painting, Greek."
482,"https://explorer-api.opensyllabus.org/v1/works/44349832298852.json
",Greece
483,"https://explorer-api.opensyllabus.org/v1/works/43258910607449.json
",Aristophanes
484,"https://explorer-api.opensyllabus.org/v1/works/43258910607449.json
",Aristophanes
485,"https://explorer-api.opensyllabus.org/v1/works/43258910607449.json
",Aristophanes
486,"https://explorer-api.opensyllabus.org/v1/works/43258910607449.json
",Theater
487,"https://explorer-api.opensyllabus.org/v1/works/43258910607449.json
","Rhetoric, Ancient."
488,"https://explorer-api.opensyllabus.org/v1/works/43258910607449.json
",Drama
489,"https://explorer-api.opensyllabus.org/v1/works/43258910607449.json
",Theater audiences
490,"https://explorer-api.opensyllabus.org/v1/works/43258910607449.json
",Politics and literature
491,"https://explorer-api.opensyllabus.org/v1/works/43258910607449.json
",Greek drama (Comedy)
492,"https://explorer-api.opensyllabus.org/v1/works/43258910607449.json
","Political plays, Greek"
493,"https://explorer-api.opensyllabus.org/v1/works/43258910607449.json
",Athens (Greece)
494,"https://explorer-api.opensyllabus.org/v1/works/40853728919886.json
",Greek poetry
495,"https://explorer-api.opensyllabus.org/v1/works/7507602833493.json
",Greek poetry
496,"https://explorer-api.opensyllabus.org/v1/works/75265006897685.json
",Greek poetry
497,"https://explorer-api.opensyllabus.org/v1/works/7748121511763.json
","Inscriptions, Latin."
498,"https://explorer-api.opensyllabus.org/v1/works/7748121511763.json
","Inscriptions, Greek."
499,"https://explorer-api.opensyllabus.org/v1/works/7748121511763.json
",Rome
500,"https://explorer-api.opensyllabus.org/v1/works/7748121511763.json
",Greece
501,"https://explorer-api.opensyllabus.org/v1/works/7748121511763.json
",Rome
502,"https://explorer-api.opensyllabus.org/v1/works/7748121511763.json
",Greece
503,"https://explorer-api.opensyllabus.org/v1/works/32710470926907.json
",Classical dictionaries.
504,"https://explorer-api.opensyllabus.org/v1/works/32710470926907.json
",Classical literature
505,"https://explorer-api.opensyllabus.org/v1/works/41274635716601.json
",Translating and interpreting
506,"https://explorer-api.opensyllabus.org/v1/works/50414326122914.json
",Religion and literature
507,"https://explorer-api.opensyllabus.org/v1/works/50414326122914.json
","Religious drama, Greek"
508,"https://explorer-api.opensyllabus.org/v1/works/50414326122914.json
",Greek drama (Tragedy)
509,"https://explorer-api.opensyllabus.org/v1/works/50414326122914.json
",Athens (Greece)
510,"https://explorer-api.opensyllabus.org/v1/works/7782481245047.json
","History, Ancient."
511,"https://explorer-api.opensyllabus.org/v1/works/7782481245047.json
",Greece
512,"https://explorer-api.opensyllabus.org/v1/works/7782481245047.json
",Rome
513,"https://explorer-api.opensyllabus.org/v1/works/48670569398881.json
",Greece
514,"https://explorer-api.opensyllabus.org/v1/works/51659866638847.json
",Greece
515,"https://explorer-api.opensyllabus.org/v1/works/51659866638847.json
",Greece
516,"https://explorer-api.opensyllabus.org/v1/works/8753143593392.json
",Polytheism.
517,"https://explorer-api.opensyllabus.org/v1/works/8753143593392.json
",Athens (Greece)
518,"https://explorer-api.opensyllabus.org/v1/works/8753143593392.json
",Athens (Greece)
519,"https://explorer-api.opensyllabus.org/v1/works/51359218928686.json
",Homer
520,"https://explorer-api.opensyllabus.org/v1/works/51359218928686.json
",Homer.
521,"https://explorer-api.opensyllabus.org/v1/works/51359218928686.json
",Achilles (Greek mythology) in literature.
522,"https://explorer-api.opensyllabus.org/v1/works/51359218928686.json
",Performance in literature.
523,"https://explorer-api.opensyllabus.org/v1/works/51359218928686.json
",Speech in literature.
524,"https://explorer-api.opensyllabus.org/v1/works/51359218928686.json
",Heroes in literature.
525,"https://explorer-api.opensyllabus.org/v1/works/47966194762566.json
",Oral tradition
526,"https://explorer-api.opensyllabus.org/v1/works/47966194762566.json
",Literature and society
527,"https://explorer-api.opensyllabus.org/v1/works/47966194762566.json
",Greek poetry
528,"https://explorer-api.opensyllabus.org/v1/works/47966194762566.json
",Greece
529,"https://explorer-api.opensyllabus.org/v1/works/44616120272491.json
",Speech in literature.
530,"https://explorer-api.opensyllabus.org/v1/works/44616120272491.json
",Sex role in literature.
531,"https://explorer-api.opensyllabus.org/v1/works/44616120272491.json
",Greek language
532,"https://explorer-api.opensyllabus.org/v1/works/44616120272491.json
",Gender identity in literature.
533,"https://explorer-api.opensyllabus.org/v1/works/44616120272491.json
",Greek language
534,"https://explorer-api.opensyllabus.org/v1/works/44616120272491.json
",Women and literature
535,"https://explorer-api.opensyllabus.org/v1/works/44616120272491.json
",Greek drama
536,"https://explorer-api.opensyllabus.org/v1/works/32478542693719.json
",Greek language
537,"https://explorer-api.opensyllabus.org/v1/works/32478542693719.json
",Greek language
538,"https://explorer-api.opensyllabus.org/v1/works/56349970925210.json
","Tragic, The."
539,"https://explorer-api.opensyllabus.org/v1/works/56349970925210.json
",Performing arts
540,"https://explorer-api.opensyllabus.org/v1/works/56349970925210.json
",Greek poetry
541,"https://explorer-api.opensyllabus.org/v1/works/56349970925210.json
",Greek drama (Tragedy)
542,"https://explorer-api.opensyllabus.org/v1/works/8976482153142.json
",Criticism
543,"https://explorer-api.opensyllabus.org/v1/works/8976482153142.json
",Poetics
544,"https://explorer-api.opensyllabus.org/v1/works/8976482153142.json
",Aesthetics
545,"https://explorer-api.opensyllabus.org/v1/works/7584912501794.json
",Criticism
546,"https://explorer-api.opensyllabus.org/v1/works/7584912501794.json
",Poetics
547,"https://explorer-api.opensyllabus.org/v1/works/7584912501794.json
",Aesthetics
548,"https://explorer-api.opensyllabus.org/v1/works/7507602833484.json
","Epic poetry, Latin."
549,"https://explorer-api.opensyllabus.org/v1/works/7507602833484.json
",Rome
550,"https://explorer-api.opensyllabus.org/v1/works/7842610791491.json
",Romans
551,"https://explorer-api.opensyllabus.org/v1/works/7842610791491.json
",Great Britain
552,"https://explorer-api.opensyllabus.org/v1/works/8693014266875.json
",Romans
553,"https://explorer-api.opensyllabus.org/v1/works/8693014266875.json
",Great Britain
554,"https://explorer-api.opensyllabus.org/v1/works/8297877292017.json
",Romans
555,"https://explorer-api.opensyllabus.org/v1/works/8297877292017.json
",Great Britain
556,"https://explorer-api.opensyllabus.org/v1/works/42408507081963.json
",Rome
557,"https://explorer-api.opensyllabus.org/v1/works/42408507081963.json
",Rome
558,"https://explorer-api.opensyllabus.org/v1/works/50036369001157.json
",Law
559,"https://explorer-api.opensyllabus.org/v1/works/50036369001157.json
","Law, Greek."
560,"https://explorer-api.opensyllabus.org/v1/works/50036369001157.json
",Athens (Greece)
561,"https://explorer-api.opensyllabus.org/v1/works/7541963081072.json
",Romans
562,"https://explorer-api.opensyllabus.org/v1/works/7541963081072.json
","Cities and towns, Ancient"
563,"https://explorer-api.opensyllabus.org/v1/works/7541963081072.json
",Great Britain
564,"https://explorer-api.opensyllabus.org/v1/works/7541963081072.json
",Great Britain
565,"https://explorer-api.opensyllabus.org/v1/works/45629732553517.json
","Art, Greek."
566,"https://explorer-api.opensyllabus.org/v1/works/7507602833459.json
","Menander,"
567,"https://explorer-api.opensyllabus.org/v1/works/49787260897140.json
","Bacon, Francis,"
568,"https://explorer-api.opensyllabus.org/v1/works/49787260897140.json
",Portrait painting
569,"https://explorer-api.opensyllabus.org/v1/works/46694884442962.json
",Women
570,"https://explorer-api.opensyllabus.org/v1/works/42674795053468.json
",Women
571,"https://explorer-api.opensyllabus.org/v1/works/47622597379422.json
",Homer.
572,"https://explorer-api.opensyllabus.org/v1/works/48722109008421.json
",Literature and history
573,"https://explorer-api.opensyllabus.org/v1/works/48722109008421.json
",Greek fiction
574,"https://explorer-api.opensyllabus.org/v1/works/7507602833445.json
",Iphigenia (Greek mythology)
575,"https://explorer-api.opensyllabus.org/v1/works/7791070843885.json
",Translating and interpreting
576,"https://explorer-api.opensyllabus.org/v1/works/50465865728887.json
",Akkadian language
577,"https://explorer-api.opensyllabus.org/v1/works/41781441857019.json
","Magic, Ancient"
578,"https://explorer-api.opensyllabus.org/v1/works/41781441857019.json
",Rome
579,"https://explorer-api.opensyllabus.org/v1/works/48765058679169.json
",Men
580,"https://explorer-api.opensyllabus.org/v1/works/48765058679169.json
",Men
581,"https://explorer-api.opensyllabus.org/v1/works/48765058679169.json
",Men in art
582,"https://explorer-api.opensyllabus.org/v1/works/48765058679169.json
","Arts, Classical"
583,"https://explorer-api.opensyllabus.org/v1/works/48765058679169.json
",Men in literature
584,"https://explorer-api.opensyllabus.org/v1/works/48765058679169.json
",Masculinity in art
585,"https://explorer-api.opensyllabus.org/v1/works/48765058679169.json
","Civilization, Classical"
586,"https://explorer-api.opensyllabus.org/v1/works/48765058679169.json
",Masculinity in literature
587,"https://explorer-api.opensyllabus.org/v1/works/48765058679169.json
",Self-knowledge in literature
588,"https://explorer-api.opensyllabus.org/v1/works/48765058679169.json
",Literature and society
589,"https://explorer-api.opensyllabus.org/v1/works/48765058679169.json
",Literature and society
590,"https://explorer-api.opensyllabus.org/v1/works/48765058679169.json
",Classical literature
591,"https://explorer-api.opensyllabus.org/v1/works/51144470561746.json
",Athena
592,"https://explorer-api.opensyllabus.org/v1/works/51144470561746.json
",Homer.
593,"https://explorer-api.opensyllabus.org/v1/works/51144470561746.json
","Gods, Greek, in literature."
594,"https://explorer-api.opensyllabus.org/v1/works/51144470561746.json
",Odysseus (Greek mythology)
595,"https://explorer-api.opensyllabus.org/v1/works/51144470561746.json
","Epic poetry, Greek"
596,"https://explorer-api.opensyllabus.org/v1/works/50560355008885.json
",Identity (Psychology) in literature.
597,"https://explorer-api.opensyllabus.org/v1/works/50560355008885.json
",Individuality in literature.
598,"https://explorer-api.opensyllabus.org/v1/works/50560355008885.json
",Characters and characteristics in literature.
599,"https://explorer-api.opensyllabus.org/v1/works/50560355008885.json
",Greek literature
600,"https://explorer-api.opensyllabus.org/v1/works/73942156968810.json
",Identity (Psychology) in literature.
601,"https://explorer-api.opensyllabus.org/v1/works/73942156968810.json
",Individuality in literature.
602,"https://explorer-api.opensyllabus.org/v1/works/73942156968810.json
",Characters and characteristics in literature.
603,"https://explorer-api.opensyllabus.org/v1/works/73942156968810.json
",Greek literature
604,"https://explorer-api.opensyllabus.org/v1/works/57518202028170.json
",Theognis
605,"https://explorer-api.opensyllabus.org/v1/works/57518202028170.json
",Literature and society
606,"https://explorer-api.opensyllabus.org/v1/works/57518202028170.json
","Elegiac poetry, Greek"
607,"https://explorer-api.opensyllabus.org/v1/works/57518202028170.json
",Megara (Greece)
608,"https://explorer-api.opensyllabus.org/v1/works/48644799595921.json
","Sculpture, Hellenistic"
609,"https://explorer-api.opensyllabus.org/v1/works/48644799595921.json
","Sculpture, Greek"
610,"https://explorer-api.opensyllabus.org/v1/works/72997264173851.json
","Sculpture, Hellenistic"
611,"https://explorer-api.opensyllabus.org/v1/works/72997264173851.json
","Sculpture, Greek"
612,"https://explorer-api.opensyllabus.org/v1/works/48378511624931.json
","Art, Roman"
613,"https://explorer-api.opensyllabus.org/v1/works/48661979465229.json
",Sex in art.
614,"https://explorer-api.opensyllabus.org/v1/works/48661979465229.json
",Erotic art
615,"https://explorer-api.opensyllabus.org/v1/works/48661979465229.json
","Art, Roman"
616,"https://explorer-api.opensyllabus.org/v1/works/63187558910565.json
","Cities and towns, Ancient"
617,"https://explorer-api.opensyllabus.org/v1/works/63187558910565.json
",Cults
618,"https://explorer-api.opensyllabus.org/v1/works/63187558910565.json
",Greece
619,"https://explorer-api.opensyllabus.org/v1/works/55791625177037.json
",Catholic Church
620,"https://explorer-api.opensyllabus.org/v1/works/55791625177037.json
",Bible
621,"https://explorer-api.opensyllabus.org/v1/works/55791625177037.json
","Latin language, Postclassical"
622,"https://explorer-api.opensyllabus.org/v1/works/55791625177037.json
","Latin language, Medieval and modern"
623,"https://explorer-api.opensyllabus.org/v1/works/55791625177037.json
",Liturgical language
624,"https://explorer-api.opensyllabus.org/v1/works/55791625177037.json
",Latin language
625,"https://explorer-api.opensyllabus.org/v1/works/35459249997882.json
",Greek drama (Tragedy)
626,"https://explorer-api.opensyllabus.org/v1/works/35459249997882.json
",Theater in art.
627,"https://explorer-api.opensyllabus.org/v1/works/35459249997882.json
","Vase-painting, Greek"
628,"https://explorer-api.opensyllabus.org/v1/works/9156870770243.json
",Euripides
629,"https://explorer-api.opensyllabus.org/v1/works/9156870770243.json
","Didactic drama, Greek"
630,"https://explorer-api.opensyllabus.org/v1/works/9156870770243.json
","Political plays, Greek"
631,"https://explorer-api.opensyllabus.org/v1/works/9156870770243.json
",Greek drama (Tragedy)
632,"https://explorer-api.opensyllabus.org/v1/works/9156870770243.json
",Athens (Greece)
633,"https://explorer-api.opensyllabus.org/v1/works/40518721471772.json
",Bible.
634,"https://explorer-api.opensyllabus.org/v1/works/40518721471772.json
","Greek language, Biblical"
635,"https://explorer-api.opensyllabus.org/v1/works/40518721471772.json
","Greek language, Biblical"
636,"https://explorer-api.opensyllabus.org/v1/works/61254823596885.json
",Bible.
637,"https://explorer-api.opensyllabus.org/v1/works/61254823596885.json
","Greek language, Biblical"
638,"https://explorer-api.opensyllabus.org/v1/works/61254823596885.json
","Greek language, Biblical"
639,"https://explorer-api.opensyllabus.org/v1/works/46188078302497.json
",Theater
640,"https://explorer-api.opensyllabus.org/v1/works/46188078302497.json
",Greek drama in art.
641,"https://explorer-api.opensyllabus.org/v1/works/46188078302497.json
",Theater in art.
642,"https://explorer-api.opensyllabus.org/v1/works/8856223023261.json
",Theater
643,"https://explorer-api.opensyllabus.org/v1/works/8856223023261.json
",Greek drama in art.
644,"https://explorer-api.opensyllabus.org/v1/works/8856223023261.json
",Theater in art.
645,"https://explorer-api.opensyllabus.org/v1/works/61950608301143.json
",Sophocles
646,"https://explorer-api.opensyllabus.org/v1/works/61950608301143.json
",Oedipus (Greek mythology)
647,"https://explorer-api.opensyllabus.org/v1/works/61950608301143.json
",Antigone (Greek mythology)
648,"https://explorer-api.opensyllabus.org/v1/works/61950608301143.json
",Thebes (Greece)
649,"https://explorer-api.opensyllabus.org/v1/works/48619029792486.json
",Language and culture.
650,"https://explorer-api.opensyllabus.org/v1/works/48619029792486.json
",Translating and interpreting.
651,"https://explorer-api.opensyllabus.org/v1/works/46153718565865.json
",Language and culture.
652,"https://explorer-api.opensyllabus.org/v1/works/46153718565865.json
",Translating and interpreting.
653,"https://explorer-api.opensyllabus.org/v1/works/52175262712087.json
","Civilization, Classical."
654,"https://explorer-api.opensyllabus.org/v1/works/59734405155479.json
",Classical literature
655,"https://explorer-api.opensyllabus.org/v1/works/63342177717680.json
",Classical literature
656,"https://explorer-api.opensyllabus.org/v1/works/47261820126331.json
",Building trades
657,"https://explorer-api.opensyllabus.org/v1/works/47261820126331.json
",Epidaurus (Extinct city)
658,"https://explorer-api.opensyllabus.org/v1/works/47261820126331.json
",Epidaurus (Extinct city).
659,"https://explorer-api.opensyllabus.org/v1/works/46394236732158.json
",Mediterranean Region
660,"https://explorer-api.opensyllabus.org/v1/works/46394236732158.json
",Mediterranean Region
661,"https://explorer-api.opensyllabus.org/v1/works/46394236732158.json
",Mediterranean Region
662,"https://explorer-api.opensyllabus.org/v1/works/50027779064666.json
",Mediterranean Region
663,"https://explorer-api.opensyllabus.org/v1/works/50027779064666.json
",Mediterranean Region
664,"https://explorer-api.opensyllabus.org/v1/works/50027779064666.json
",Mediterranean Region
665,"https://explorer-api.opensyllabus.org/v1/works/33243046872786.json
","Arts, Classical."
666,"https://explorer-api.opensyllabus.org/v1/works/33243046872786.json
",Reader-response criticism.
667,"https://explorer-api.opensyllabus.org/v1/works/33243046872786.json
",Classical literature
668,"https://explorer-api.opensyllabus.org/v1/works/49933289784431.json
","Mysteries, Religious."
669,"https://explorer-api.opensyllabus.org/v1/works/49933289784431.json
",Rome
670,"https://explorer-api.opensyllabus.org/v1/works/49933289784431.json
",Greece
671,"https://explorer-api.opensyllabus.org/v1/works/59167469471727.json
","Mysteries, Religious."
672,"https://explorer-api.opensyllabus.org/v1/works/59167469471727.json
",Rome
673,"https://explorer-api.opensyllabus.org/v1/works/59167469471727.json
",Greece
674,"https://explorer-api.opensyllabus.org/v1/works/48387101559657.json
",Rome (Italy)
675,"https://explorer-api.opensyllabus.org/v1/works/7636452359790.json
",Rome (Italy)
676,"https://explorer-api.opensyllabus.org/v1/works/50010599195200.json
","Arts, Greek"
677,"https://explorer-api.opensyllabus.org/v1/works/50010599195200.json
",Democracy
678,"https://explorer-api.opensyllabus.org/v1/works/50010599195200.json
",Greece
679,"https://explorer-api.opensyllabus.org/v1/works/50010599195200.json
",Athens (Greece)
680,"https://explorer-api.opensyllabus.org/v1/works/8546985414047.json
",Homer.
681,"https://explorer-api.opensyllabus.org/v1/works/8546985414047.json
","Rhetoric, Ancient"
682,"https://explorer-api.opensyllabus.org/v1/works/8546985414047.json
",Narration (Rhetoric)
683,"https://explorer-api.opensyllabus.org/v1/works/8546985414047.json
",Sex role in literature
684,"https://explorer-api.opensyllabus.org/v1/works/8546985414047.json
",Reader-response criticism
685,"https://explorer-api.opensyllabus.org/v1/works/8546985414047.json
",Authors and readers
686,"https://explorer-api.opensyllabus.org/v1/works/8546985414047.json
",Women and literature
687,"https://explorer-api.opensyllabus.org/v1/works/8546985414047.json
",Gender identity in literature
688,"https://explorer-api.opensyllabus.org/v1/works/8546985414047.json
",Feminism and literature
689,"https://explorer-api.opensyllabus.org/v1/works/8546985414047.json
",Man-woman relationships in literature
690,"https://explorer-api.opensyllabus.org/v1/works/8546985414047.json
",Odysseus (Greek mythology) in literature
691,"https://explorer-api.opensyllabus.org/v1/works/8546985414047.json
","Epic poetry, Greek"
692,"https://explorer-api.opensyllabus.org/v1/works/51359218928736.json
","Life cycle, Human."
693,"https://explorer-api.opensyllabus.org/v1/works/51359218928736.json
",Greece
694,"https://explorer-api.opensyllabus.org/v1/works/54932631718520.json
","Life cycle, Human."
695,"https://explorer-api.opensyllabus.org/v1/works/54932631718520.json
",Greece
696,"https://explorer-api.opensyllabus.org/v1/works/8040179034847.json
","Plautus, Titus Maccius."
697,"https://explorer-api.opensyllabus.org/v1/works/73151882994955.json
","Plautus, Titus Maccius."
698,"https://explorer-api.opensyllabus.org/v1/works/45810121181015.json
",Drama
699,"https://explorer-api.opensyllabus.org/v1/works/45810121181015.json
",Athens (Greece)
700,"https://explorer-api.opensyllabus.org/v1/works/50903952392659.json
",Drama
701,"https://explorer-api.opensyllabus.org/v1/works/50903952392659.json
",Athens (Greece)
702,"https://explorer-api.opensyllabus.org/v1/works/36867999270966.json
",Bible.
703,"https://explorer-api.opensyllabus.org/v1/works/36867999270966.json
","Greek language, Biblical"
704,"https://explorer-api.opensyllabus.org/v1/works/36867999270966.json
","Greek language, Biblical"
705,"https://explorer-api.opensyllabus.org/v1/works/39144331938565.json
",Polish language
706,"https://explorer-api.opensyllabus.org/v1/works/39144331938565.json
",Translating and interpreting
707,"https://explorer-api.opensyllabus.org/v1/works/55207509623309.json
","Purity, Ritual"
708,"https://explorer-api.opensyllabus.org/v1/works/55207509623309.json
",Greece
709,"https://explorer-api.opensyllabus.org/v1/works/42356967476279.json
",Sanskrit language
710,"https://explorer-api.opensyllabus.org/v1/works/50113678412361.json
",Bible
711,"https://explorer-api.opensyllabus.org/v1/works/50113678412361.json
","Greek language, Biblical"
712,"https://explorer-api.opensyllabus.org/v1/works/50113678412361.json
","Greek language, Biblical"
713,"https://explorer-api.opensyllabus.org/v1/works/47880295417542.json
","Plautus, Titus Maccius"
714,"https://explorer-api.opensyllabus.org/v1/works/47880295417542.json
",Theater audiences
715,"https://explorer-api.opensyllabus.org/v1/works/47880295417542.json
",Latin drama (Comedy)
716,"https://explorer-api.opensyllabus.org/v1/works/8323647128042.json
",Education
717,"https://explorer-api.opensyllabus.org/v1/works/33277406612181.json
",Education
718,"https://explorer-api.opensyllabus.org/v1/works/36859409336069.json
",Comedy
719,"https://explorer-api.opensyllabus.org/v1/works/36859409336069.json
",Tragedy
720,"https://explorer-api.opensyllabus.org/v1/works/36859409336069.json
",Literature and society
721,"https://explorer-api.opensyllabus.org/v1/works/36859409336069.json
",Greek drama
722,"https://explorer-api.opensyllabus.org/v1/works/45707041964889.json
",Homer
723,"https://explorer-api.opensyllabus.org/v1/works/45707041964889.json
",Homer
724,"https://explorer-api.opensyllabus.org/v1/works/45707041964889.json
",Cycles (Literature)
725,"https://explorer-api.opensyllabus.org/v1/works/45707041964889.json
",Lost literature
726,"https://explorer-api.opensyllabus.org/v1/works/45707041964889.json
",Literature and history
727,"https://explorer-api.opensyllabus.org/v1/works/45707041964889.json
","Influence (Literary, artistic, etc.)"
728,"https://explorer-api.opensyllabus.org/v1/works/45707041964889.json
",Trojan War
729,"https://explorer-api.opensyllabus.org/v1/works/45707041964889.json
","Epic poetry, Greek"
730,"https://explorer-api.opensyllabus.org/v1/works/45707041964889.json
",Troy (Extinct city)
731,"https://explorer-api.opensyllabus.org/v1/works/47768626267785.json
","Parthenon (Athens, Greece)"
732,"https://explorer-api.opensyllabus.org/v1/works/8624294737161.json
",Heracles (Greek mythology)
